Copyright 1986-2022 Xilinx, Inc. All Rights Reserved. Copyright 2022-2023 Advanced Micro Devices, Inc. All Rights Reserved.
------------------------------------------------------------------------------------------------------------------------------------------------------------------------------------------------------------------------------------
| Tool Version : Vivado v.2023.1 (win64) Build 3865809 Sun May  7 15:05:29 MDT 2023
| Date         : Fri Apr 10 15:00:24 2026
| Host         : Mofazzal874 running 64-bit major release  (build 9200)
| Command      : report_timing_summary -max_paths 10 -report_unconstrained -file votingMachine_timing_summary_routed.rpt -pb votingMachine_timing_summary_routed.pb -rpx votingMachine_timing_summary_routed.rpx -warn_on_violation
| Design       : votingMachine
| Device       : 7a35t-cpg236
| Speed File   : -1  PRODUCTION 1.23 2018-06-13
| Design State : Routed
------------------------------------------------------------------------------------------------------------------------------------------------------------------------------------------------------------------------------------

Timing Summary Report

------------------------------------------------------------------------------------------------
| Timer Settings
| --------------
------------------------------------------------------------------------------------------------

  Enable Multi Corner Analysis               :  Yes
  Enable Pessimism Removal                   :  Yes
  Pessimism Removal Resolution               :  Nearest Common Node
  Enable Input Delay Default Clock           :  No
  Enable Preset / Clear Arcs                 :  No
  Disable Flight Delays                      :  No
  Ignore I/O Paths                           :  No
  Timing Early Launch at Borrowing Latches   :  No
  Borrow Time for Max Delay Exceptions       :  Yes
  Merge Timing Exceptions                    :  Yes

  Corner  Analyze    Analyze    
  Name    Max Paths  Min Paths  
  ------  ---------  ---------  
  Slow    Yes        Yes        
  Fast    Yes        Yes        


------------------------------------------------------------------------------------------------
| Report Methodology
| ------------------
------------------------------------------------------------------------------------------------

Rule       Severity  Description                    Violations  
---------  --------  -----------------------------  ----------  
TIMING-18  Warning   Missing input or output delay  48          

Note: This report is based on the most recent report_methodology run and may not be up-to-date. Run report_methodology on the current design for the latest report.



check_timing report

Table of Contents
-----------------
1. checking no_clock (0)
2. checking constant_clock (0)
3. checking pulse_width_clock (0)
4. checking unconstrained_internal_endpoints (0)
5. checking no_input_delay (21)
6. checking no_output_delay (27)
7. checking multiple_clock (0)
8. checking generated_clocks (0)
9. checking loops (0)
10. checking partial_input_delay (0)
11. checking partial_output_delay (0)
12. checking latch_loops (0)

1. checking no_clock (0)
------------------------
 There are 0 register/latch pins with no clock.


2. checking constant_clock (0)
------------------------------
 There are 0 register/latch pins with constant_clock.


3. checking pulse_width_clock (0)
---------------------------------
 There are 0 register/latch pins which need pulse_width check


4. checking unconstrained_internal_endpoints (0)
------------------------------------------------
 There are 0 pins that are not constrained for maximum delay.

 There are 0 pins that are not constrained for maximum delay due to constant clock.


5. checking no_input_delay (21)
-------------------------------
 There are 21 input ports with no input delay specified. (HIGH)

 There are 0 input ports with no input delay but user has a false path constraint.


6. checking no_output_delay (27)
--------------------------------
 There are 27 ports with no output delay specified. (HIGH)

 There are 0 ports with no output delay but user has a false path constraint

 There are 0 ports with no output delay but with a timing clock defined on it or propagating through it


7. checking multiple_clock (0)
------------------------------
 There are 0 register/latch pins with multiple clocks.


8. checking generated_clocks (0)
--------------------------------
 There are 0 generated clocks that are not connected to a clock source.


9. checking loops (0)
---------------------
 There are 0 combinational loops in the design.


10. checking partial_input_delay (0)
------------------------------------
 There are 0 input ports with partial input delay specified.


11. checking partial_output_delay (0)
-------------------------------------
 There are 0 ports with partial output delay specified.


12. checking latch_loops (0)
----------------------------
 There are 0 combinational latch loops in the design through latch input



------------------------------------------------------------------------------------------------
| Design Timing Summary
| ---------------------
------------------------------------------------------------------------------------------------

    WNS(ns)      TNS(ns)  TNS Failing Endpoints  TNS Total Endpoints      WHS(ns)      THS(ns)  THS Failing Endpoints  THS Total Endpoints     WPWS(ns)     TPWS(ns)  TPWS Failing Endpoints  TPWS Total Endpoints  
    -------      -------  ---------------------  -------------------      -------      -------  ---------------------  -------------------     --------     --------  ----------------------  --------------------  
      2.832        0.000                      0                 1162        0.140        0.000                      0                 1162        4.500        0.000                       0                   390  


All user specified timing constraints are met.


------------------------------------------------------------------------------------------------
| Clock Summary
| -------------
------------------------------------------------------------------------------------------------

Clock        Waveform(ns)       Period(ns)      Frequency(MHz)
-----        ------------       ----------      --------------
sys_clk_pin  {0.000 5.000}      10.000          100.000         


------------------------------------------------------------------------------------------------
| Intra Clock Table
| -----------------
------------------------------------------------------------------------------------------------

Clock             WNS(ns)      TNS(ns)  TNS Failing Endpoints  TNS Total Endpoints      WHS(ns)      THS(ns)  THS Failing Endpoints  THS Total Endpoints     WPWS(ns)     TPWS(ns)  TPWS Failing Endpoints  TPWS Total Endpoints  
-----             -------      -------  ---------------------  -------------------      -------      -------  ---------------------  -------------------     --------     --------  ----------------------  --------------------  
sys_clk_pin         2.832        0.000                      0                 1162        0.140        0.000                      0                 1162        4.500        0.000                       0                   390  


------------------------------------------------------------------------------------------------
| Inter Clock Table
| -----------------
------------------------------------------------------------------------------------------------

From Clock    To Clock          WNS(ns)      TNS(ns)  TNS Failing Endpoints  TNS Total Endpoints      WHS(ns)      THS(ns)  THS Failing Endpoints  THS Total Endpoints  
----------    --------          -------      -------  ---------------------  -------------------      -------      -------  ---------------------  -------------------  


------------------------------------------------------------------------------------------------
| Other Path Groups Table
| -----------------------
------------------------------------------------------------------------------------------------

Path Group    From Clock    To Clock          WNS(ns)      TNS(ns)  TNS Failing Endpoints  TNS Total Endpoints      WHS(ns)      THS(ns)  THS Failing Endpoints  THS Total Endpoints  
----------    ----------    --------          -------      -------  ---------------------  -------------------      -------      -------  ---------------------  -------------------  


------------------------------------------------------------------------------------------------
| User Ignored Path Table
| -----------------------
------------------------------------------------------------------------------------------------

Path Group    From Clock    To Clock    
----------    ----------    --------    


------------------------------------------------------------------------------------------------
| Unconstrained Path Table
| ------------------------
------------------------------------------------------------------------------------------------

Path Group    From Clock    To Clock    
----------    ----------    --------    
(none)                                    
(none)        sys_clk_pin                 
(none)                      sys_clk_pin   


------------------------------------------------------------------------------------------------
| Timing Details
| --------------
------------------------------------------------------------------------------------------------


---------------------------------------------------------------------------------------------------
From Clock:  sys_clk_pin
  To Clock:  sys_clk_pin

Setup :            0  Failing Endpoints,  Worst Slack        2.832ns,  Total Violation        0.000ns
Hold  :            0  Failing Endpoints,  Worst Slack        0.140ns,  Total Violation        0.000ns
PW    :            0  Failing Endpoints,  Worst Slack        4.500ns,  Total Violation        0.000ns
---------------------------------------------------------------------------------------------------


Max Delay Paths
--------------------------------------------------------------------------------------
Slack (MET) :             2.832ns  (required time - arrival time)
  Source:                 CU/state_reg[1]/C
                            (rising edge-triggered cell FDRE clocked by sys_clk_pin  {rise@0.000ns fall@5.000ns period=10.000ns})
  Destination:            FEU/FSM_sequential_state_reg[3]/D
                            (rising edge-triggered cell FDRE clocked by sys_clk_pin  {rise@0.000ns fall@5.000ns period=10.000ns})
  Path Group:             sys_clk_pin
  Path Type:              Setup (Max at Slow Process Corner)
  Requirement:            10.000ns  (sys_clk_pin rise@10.000ns - sys_clk_pin rise@0.000ns)
  Data Path Delay:        7.060ns  (logic 2.200ns (31.162%)  route 4.860ns (68.838%))
  Logic Levels:           7  (CARRY4=2 LUT4=2 LUT5=3)
  Clock Path Skew:        -0.042ns (DCD - SCD + CPR)
    Destination Clock Delay (DCD):    4.769ns = ( 14.769 - 10.000 ) 
    Source Clock Delay      (SCD):    5.071ns
    Clock Pessimism Removal (CPR):    0.260ns
  Clock Uncertainty:      0.035ns  ((TSJ^2 + TIJ^2)^1/2 + DJ) / 2 + PE
    Total System Jitter     (TSJ):    0.071ns
    Total Input Jitter      (TIJ):    0.000ns
    Discrete Jitter          (DJ):    0.000ns
    Phase Error              (PE):    0.000ns

    Location             Delay type                Incr(ns)  Path(ns)    Netlist Resource(s)
  -------------------------------------------------------------------    -------------------
                         (clock sys_clk_pin rise edge)
                                                      0.000     0.000 r  
    W5                                                0.000     0.000 r  clock (IN)
                         net (fo=0)                   0.000     0.000    clock
    W5                   IBUF (Prop_ibuf_I_O)         1.458     1.458 r  clock_IBUF_inst/O
                         net (fo=1, routed)           1.967     3.425    clock_IBUF
    BUFGCTRL_X0Y0        BUFG (Prop_bufg_I_O)         0.096     3.521 r  clock_IBUF_BUFG_inst/O
                         net (fo=389, routed)         1.550     5.071    CU/clock_IBUF_BUFG
    SLICE_X45Y27         FDRE                                         r  CU/state_reg[1]/C
  -------------------------------------------------------------------    -------------------
    SLICE_X45Y27         FDRE (Prop_fdre_C_Q)         0.456     5.527 f  CU/state_reg[1]/Q
                         net (fo=105, routed)         1.591     7.118    CU/state_reg_n_0_[1]
    SLICE_X40Y23         LUT5 (Prop_lut5_I0_O)        0.152     7.270 r  CU/p_1_out__0_carry_i_3/O
                         net (fo=17, routed)          0.810     8.080    CU/fe_scan_end[0]
    SLICE_X38Y27         LUT5 (Prop_lut5_I2_O)        0.326     8.406 f  CU/match_carry_i_8/O
                         net (fo=1, routed)           0.450     8.856    CU/match_carry_i_8_n_0
    SLICE_X39Y27         LUT4 (Prop_lut4_I3_O)        0.124     8.980 r  CU/match_carry_i_4/O
                         net (fo=1, routed)           0.000     8.980    FEU/scan_cmp/match_carry__0_0[0]
    SLICE_X39Y27         CARRY4 (Prop_carry4_S[0]_CO[3])
                                                      0.532     9.512 r  FEU/scan_cmp/match_carry/CO[3]
                         net (fo=1, routed)           0.000     9.512    FEU/scan_cmp/match_carry_n_0
    SLICE_X39Y28         CARRY4 (Prop_carry4_CI_CO[1])
                                                      0.157     9.669 f  FEU/scan_cmp/match_carry__0/CO[1]
                         net (fo=5, routed)           0.752    10.422    CU/fe_match_reg_1[0]
    SLICE_X38Y24         LUT4 (Prop_lut4_I3_O)        0.329    10.751 r  CU/FSM_sequential_state[3]_i_3/O
                         net (fo=2, routed)           0.650    11.401    FEU/FSM_sequential_state_reg[1]_0
    SLICE_X38Y24         LUT5 (Prop_lut5_I4_O)        0.124    11.525 r  FEU/FSM_sequential_state[3]_i_2/O
                         net (fo=1, routed)           0.607    12.131    FEU/state__0[3]
    SLICE_X38Y24         FDRE                                         r  FEU/FSM_sequential_state_reg[3]/D
  -------------------------------------------------------------------    -------------------

                         (clock sys_clk_pin rise edge)
                                                     10.000    10.000 r  
    W5                                                0.000    10.000 r  clock (IN)
                         net (fo=0)                   0.000    10.000    clock
    W5                   IBUF (Prop_ibuf_I_O)         1.388    11.388 r  clock_IBUF_inst/O
                         net (fo=1, routed)           1.862    13.250    clock_IBUF
    BUFGCTRL_X0Y0        BUFG (Prop_bufg_I_O)         0.091    13.341 r  clock_IBUF_BUFG_inst/O
                         net (fo=389, routed)         1.428    14.769    FEU/clock_IBUF_BUFG
    SLICE_X38Y24         FDRE                                         r  FEU/FSM_sequential_state_reg[3]/C
                         clock pessimism              0.260    15.029    
                         clock uncertainty           -0.035    14.994    
    SLICE_X38Y24         FDRE (Setup_fdre_C_D)       -0.031    14.963    FEU/FSM_sequential_state_reg[3]
  -------------------------------------------------------------------
                         required time                         14.963    
                         arrival time                         -12.131    
  -------------------------------------------------------------------
                         slack                                  2.832    

Slack (MET) :             3.439ns  (required time - arrival time)
  Source:                 CU/state_reg[1]/C
                            (rising edge-triggered cell FDRE clocked by sys_clk_pin  {rise@0.000ns fall@5.000ns period=10.000ns})
  Destination:            FEU/FSM_sequential_state_reg[0]/D
                            (rising edge-triggered cell FDRE clocked by sys_clk_pin  {rise@0.000ns fall@5.000ns period=10.000ns})
  Path Group:             sys_clk_pin
  Path Type:              Setup (Max at Slow Process Corner)
  Requirement:            10.000ns  (sys_clk_pin rise@10.000ns - sys_clk_pin rise@0.000ns)
  Data Path Delay:        6.514ns  (logic 2.396ns (36.781%)  route 4.118ns (63.219%))
  Logic Levels:           7  (CARRY4=2 LUT4=2 LUT5=2 LUT6=1)
  Clock Path Skew:        -0.042ns (DCD - SCD + CPR)
    Destination Clock Delay (DCD):    4.769ns = ( 14.769 - 10.000 ) 
    Source Clock Delay      (SCD):    5.071ns
    Clock Pessimism Removal (CPR):    0.260ns
  Clock Uncertainty:      0.035ns  ((TSJ^2 + TIJ^2)^1/2 + DJ) / 2 + PE
    Total System Jitter     (TSJ):    0.071ns
    Total Input Jitter      (TIJ):    0.000ns
    Discrete Jitter          (DJ):    0.000ns
    Phase Error              (PE):    0.000ns

    Location             Delay type                Incr(ns)  Path(ns)    Netlist Resource(s)
  -------------------------------------------------------------------    -------------------
                         (clock sys_clk_pin rise edge)
                                                      0.000     0.000 r  
    W5                                                0.000     0.000 r  clock (IN)
                         net (fo=0)                   0.000     0.000    clock
    W5                   IBUF (Prop_ibuf_I_O)         1.458     1.458 r  clock_IBUF_inst/O
                         net (fo=1, routed)           1.967     3.425    clock_IBUF
    BUFGCTRL_X0Y0        BUFG (Prop_bufg_I_O)         0.096     3.521 r  clock_IBUF_BUFG_inst/O
                         net (fo=389, routed)         1.550     5.071    CU/clock_IBUF_BUFG
    SLICE_X45Y27         FDRE                                         r  CU/state_reg[1]/C
  -------------------------------------------------------------------    -------------------
    SLICE_X45Y27         FDRE (Prop_fdre_C_Q)         0.456     5.527 f  CU/state_reg[1]/Q
                         net (fo=105, routed)         1.591     7.118    CU/state_reg_n_0_[1]
    SLICE_X40Y23         LUT5 (Prop_lut5_I0_O)        0.152     7.270 r  CU/p_1_out__0_carry_i_3/O
                         net (fo=17, routed)          0.810     8.080    CU/fe_scan_end[0]
    SLICE_X38Y27         LUT5 (Prop_lut5_I2_O)        0.326     8.406 f  CU/match_carry_i_8/O
                         net (fo=1, routed)           0.450     8.856    CU/match_carry_i_8_n_0
    SLICE_X39Y27         LUT4 (Prop_lut4_I3_O)        0.124     8.980 r  CU/match_carry_i_4/O
                         net (fo=1, routed)           0.000     8.980    FEU/scan_cmp/match_carry__0_0[0]
    SLICE_X39Y27         CARRY4 (Prop_carry4_S[0]_CO[3])
                                                      0.532     9.512 r  FEU/scan_cmp/match_carry/CO[3]
                         net (fo=1, routed)           0.000     9.512    FEU/scan_cmp/match_carry_n_0
    SLICE_X39Y28         CARRY4 (Prop_carry4_CI_CO[1])
                                                      0.157     9.669 f  FEU/scan_cmp/match_carry__0/CO[1]
                         net (fo=5, routed)           0.752    10.422    CU/fe_match_reg_1[0]
    SLICE_X38Y24         LUT4 (Prop_lut4_I3_O)        0.321    10.743 r  CU/FSM_sequential_state[0]_i_2/O
                         net (fo=2, routed)           0.515    11.258    FEU/fe_match_reg_0
    SLICE_X39Y24         LUT6 (Prop_lut6_I1_O)        0.328    11.586 r  FEU/FSM_sequential_state[0]_i_1/O
                         net (fo=1, routed)           0.000    11.586    FEU/FSM_sequential_state[0]_i_1_n_0
    SLICE_X39Y24         FDRE                                         r  FEU/FSM_sequential_state_reg[0]/D
  -------------------------------------------------------------------    -------------------

                         (clock sys_clk_pin rise edge)
                                                     10.000    10.000 r  
    W5                                                0.000    10.000 r  clock (IN)
                         net (fo=0)                   0.000    10.000    clock
    W5                   IBUF (Prop_ibuf_I_O)         1.388    11.388 r  clock_IBUF_inst/O
                         net (fo=1, routed)           1.862    13.250    clock_IBUF
    BUFGCTRL_X0Y0        BUFG (Prop_bufg_I_O)         0.091    13.341 r  clock_IBUF_BUFG_inst/O
                         net (fo=389, routed)         1.428    14.769    FEU/clock_IBUF_BUFG
    SLICE_X39Y24         FDRE                                         r  FEU/FSM_sequential_state_reg[0]/C
                         clock pessimism              0.260    15.029    
                         clock uncertainty           -0.035    14.994    
    SLICE_X39Y24         FDRE (Setup_fdre_C_D)        0.031    15.025    FEU/FSM_sequential_state_reg[0]
  -------------------------------------------------------------------
                         required time                         15.025    
                         arrival time                         -11.586    
  -------------------------------------------------------------------
                         slack                                  3.439    

Slack (MET) :             3.488ns  (required time - arrival time)
  Source:                 CU/state_reg[1]/C
                            (rising edge-triggered cell FDRE clocked by sys_clk_pin  {rise@0.000ns fall@5.000ns period=10.000ns})
  Destination:            FEU/fe_match_reg/D
                            (rising edge-triggered cell FDRE clocked by sys_clk_pin  {rise@0.000ns fall@5.000ns period=10.000ns})
  Path Group:             sys_clk_pin
  Path Type:              Setup (Max at Slow Process Corner)
  Requirement:            10.000ns  (sys_clk_pin rise@10.000ns - sys_clk_pin rise@0.000ns)
  Data Path Delay:        6.465ns  (logic 2.200ns (34.027%)  route 4.265ns (65.973%))
  Logic Levels:           7  (CARRY4=2 LUT3=1 LUT4=1 LUT5=3)
  Clock Path Skew:        -0.042ns (DCD - SCD + CPR)
    Destination Clock Delay (DCD):    4.769ns = ( 14.769 - 10.000 ) 
    Source Clock Delay      (SCD):    5.071ns
    Clock Pessimism Removal (CPR):    0.260ns
  Clock Uncertainty:      0.035ns  ((TSJ^2 + TIJ^2)^1/2 + DJ) / 2 + PE
    Total System Jitter     (TSJ):    0.071ns
    Total Input Jitter      (TIJ):    0.000ns
    Discrete Jitter          (DJ):    0.000ns
    Phase Error              (PE):    0.000ns

    Location             Delay type                Incr(ns)  Path(ns)    Netlist Resource(s)
  -------------------------------------------------------------------    -------------------
                         (clock sys_clk_pin rise edge)
                                                      0.000     0.000 r  
    W5                                                0.000     0.000 r  clock (IN)
                         net (fo=0)                   0.000     0.000    clock
    W5                   IBUF (Prop_ibuf_I_O)         1.458     1.458 r  clock_IBUF_inst/O
                         net (fo=1, routed)           1.967     3.425    clock_IBUF
    BUFGCTRL_X0Y0        BUFG (Prop_bufg_I_O)         0.096     3.521 r  clock_IBUF_BUFG_inst/O
                         net (fo=389, routed)         1.550     5.071    CU/clock_IBUF_BUFG
    SLICE_X45Y27         FDRE                                         r  CU/state_reg[1]/C
  -------------------------------------------------------------------    -------------------
    SLICE_X45Y27         FDRE (Prop_fdre_C_Q)         0.456     5.527 f  CU/state_reg[1]/Q
                         net (fo=105, routed)         1.591     7.118    CU/state_reg_n_0_[1]
    SLICE_X40Y23         LUT5 (Prop_lut5_I0_O)        0.152     7.270 r  CU/p_1_out__0_carry_i_3/O
                         net (fo=17, routed)          0.810     8.080    CU/fe_scan_end[0]
    SLICE_X38Y27         LUT5 (Prop_lut5_I2_O)        0.326     8.406 f  CU/match_carry_i_8/O
                         net (fo=1, routed)           0.450     8.856    CU/match_carry_i_8_n_0
    SLICE_X39Y27         LUT4 (Prop_lut4_I3_O)        0.124     8.980 r  CU/match_carry_i_4/O
                         net (fo=1, routed)           0.000     8.980    FEU/scan_cmp/match_carry__0_0[0]
    SLICE_X39Y27         CARRY4 (Prop_carry4_S[0]_CO[3])
                                                      0.532     9.512 r  FEU/scan_cmp/match_carry/CO[3]
                         net (fo=1, routed)           0.000     9.512    FEU/scan_cmp/match_carry_n_0
    SLICE_X39Y28         CARRY4 (Prop_carry4_CI_CO[1])
                                                      0.157     9.669 r  FEU/scan_cmp/match_carry__0/CO[1]
                         net (fo=5, routed)           0.723    10.392    FEU/saved_switches_reg[15][0]
    SLICE_X39Y25         LUT3 (Prop_lut3_I2_O)        0.329    10.721 r  FEU/fe_match_i_2/O
                         net (fo=1, routed)           0.691    11.413    FEU/fe_match_i_2_n_0
    SLICE_X39Y25         LUT5 (Prop_lut5_I0_O)        0.124    11.537 r  FEU/fe_match_i_1/O
                         net (fo=1, routed)           0.000    11.537    FEU/fe_match_i_1_n_0
    SLICE_X39Y25         FDRE                                         r  FEU/fe_match_reg/D
  -------------------------------------------------------------------    -------------------

                         (clock sys_clk_pin rise edge)
                                                     10.000    10.000 r  
    W5                                                0.000    10.000 r  clock (IN)
                         net (fo=0)                   0.000    10.000    clock
    W5                   IBUF (Prop_ibuf_I_O)         1.388    11.388 r  clock_IBUF_inst/O
                         net (fo=1, routed)           1.862    13.250    clock_IBUF
    BUFGCTRL_X0Y0        BUFG (Prop_bufg_I_O)         0.091    13.341 r  clock_IBUF_BUFG_inst/O
                         net (fo=389, routed)         1.428    14.769    FEU/clock_IBUF_BUFG
    SLICE_X39Y25         FDRE                                         r  FEU/fe_match_reg/C
                         clock pessimism              0.260    15.029    
                         clock uncertainty           -0.035    14.994    
    SLICE_X39Y25         FDRE (Setup_fdre_C_D)        0.031    15.025    FEU/fe_match_reg
  -------------------------------------------------------------------
                         required time                         15.025    
                         arrival time                         -11.537    
  -------------------------------------------------------------------
                         slack                                  3.488    

Slack (MET) :             3.512ns  (required time - arrival time)
  Source:                 CU/state_reg[1]/C
                            (rising edge-triggered cell FDRE clocked by sys_clk_pin  {rise@0.000ns fall@5.000ns period=10.000ns})
  Destination:            FEU/fe_match_addr_reg[5]/CE
                            (rising edge-triggered cell FDRE clocked by sys_clk_pin  {rise@0.000ns fall@5.000ns period=10.000ns})
  Path Group:             sys_clk_pin
  Path Type:              Setup (Max at Slow Process Corner)
  Requirement:            10.000ns  (sys_clk_pin rise@10.000ns - sys_clk_pin rise@0.000ns)
  Data Path Delay:        6.211ns  (logic 2.076ns (33.424%)  route 4.135ns (66.576%))
  Logic Levels:           6  (CARRY4=2 LUT4=1 LUT5=3)
  Clock Path Skew:        -0.037ns (DCD - SCD + CPR)
    Destination Clock Delay (DCD):    4.774ns = ( 14.774 - 10.000 ) 
    Source Clock Delay      (SCD):    5.071ns
    Clock Pessimism Removal (CPR):    0.260ns
  Clock Uncertainty:      0.035ns  ((TSJ^2 + TIJ^2)^1/2 + DJ) / 2 + PE
    Total System Jitter     (TSJ):    0.071ns
    Total Input Jitter      (TIJ):    0.000ns
    Discrete Jitter          (DJ):    0.000ns
    Phase Error              (PE):    0.000ns

    Location             Delay type                Incr(ns)  Path(ns)    Netlist Resource(s)
  -------------------------------------------------------------------    -------------------
                         (clock sys_clk_pin rise edge)
                                                      0.000     0.000 r  
    W5                                                0.000     0.000 r  clock (IN)
                         net (fo=0)                   0.000     0.000    clock
    W5                   IBUF (Prop_ibuf_I_O)         1.458     1.458 r  clock_IBUF_inst/O
                         net (fo=1, routed)           1.967     3.425    clock_IBUF
    BUFGCTRL_X0Y0        BUFG (Prop_bufg_I_O)         0.096     3.521 r  clock_IBUF_BUFG_inst/O
                         net (fo=389, routed)         1.550     5.071    CU/clock_IBUF_BUFG
    SLICE_X45Y27         FDRE                                         r  CU/state_reg[1]/C
  -------------------------------------------------------------------    -------------------
    SLICE_X45Y27         FDRE (Prop_fdre_C_Q)         0.456     5.527 f  CU/state_reg[1]/Q
                         net (fo=105, routed)         1.591     7.118    CU/state_reg_n_0_[1]
    SLICE_X40Y23         LUT5 (Prop_lut5_I0_O)        0.152     7.270 r  CU/p_1_out__0_carry_i_3/O
                         net (fo=17, routed)          0.810     8.080    CU/fe_scan_end[0]
    SLICE_X38Y27         LUT5 (Prop_lut5_I2_O)        0.326     8.406 f  CU/match_carry_i_8/O
                         net (fo=1, routed)           0.450     8.856    CU/match_carry_i_8_n_0
    SLICE_X39Y27         LUT4 (Prop_lut4_I3_O)        0.124     8.980 r  CU/match_carry_i_4/O
                         net (fo=1, routed)           0.000     8.980    FEU/scan_cmp/match_carry__0_0[0]
    SLICE_X39Y27         CARRY4 (Prop_carry4_S[0]_CO[3])
                                                      0.532     9.512 r  FEU/scan_cmp/match_carry/CO[3]
                         net (fo=1, routed)           0.000     9.512    FEU/scan_cmp/match_carry_n_0
    SLICE_X39Y28         CARRY4 (Prop_carry4_CI_CO[1])
                                                      0.157     9.669 r  FEU/scan_cmp/match_carry__0/CO[1]
                         net (fo=5, routed)           0.628    10.297    FEU/saved_switches_reg[15][0]
    SLICE_X39Y24         LUT5 (Prop_lut5_I0_O)        0.329    10.626 r  FEU/fe_match_addr[8]_i_1/O
                         net (fo=9, routed)           0.656    11.282    FEU/fe_match_addr[8]_i_1_n_0
    SLICE_X40Y22         FDRE                                         r  FEU/fe_match_addr_reg[5]/CE
  -------------------------------------------------------------------    -------------------

                         (clock sys_clk_pin rise edge)
                                                     10.000    10.000 r  
    W5                                                0.000    10.000 r  clock (IN)
                         net (fo=0)                   0.000    10.000    clock
    W5                   IBUF (Prop_ibuf_I_O)         1.388    11.388 r  clock_IBUF_inst/O
                         net (fo=1, routed)           1.862    13.250    clock_IBUF
    BUFGCTRL_X0Y0        BUFG (Prop_bufg_I_O)         0.091    13.341 r  clock_IBUF_BUFG_inst/O
                         net (fo=389, routed)         1.433    14.774    FEU/clock_IBUF_BUFG
    SLICE_X40Y22         FDRE                                         r  FEU/fe_match_addr_reg[5]/C
                         clock pessimism              0.260    15.034    
                         clock uncertainty           -0.035    14.999    
    SLICE_X40Y22         FDRE (Setup_fdre_C_CE)      -0.205    14.794    FEU/fe_match_addr_reg[5]
  -------------------------------------------------------------------
                         required time                         14.794    
                         arrival time                         -11.282    
  -------------------------------------------------------------------
                         slack                                  3.512    

Slack (MET) :             3.512ns  (required time - arrival time)
  Source:                 CU/state_reg[1]/C
                            (rising edge-triggered cell FDRE clocked by sys_clk_pin  {rise@0.000ns fall@5.000ns period=10.000ns})
  Destination:            FEU/fe_match_addr_reg[8]/CE
                            (rising edge-triggered cell FDRE clocked by sys_clk_pin  {rise@0.000ns fall@5.000ns period=10.000ns})
  Path Group:             sys_clk_pin
  Path Type:              Setup (Max at Slow Process Corner)
  Requirement:            10.000ns  (sys_clk_pin rise@10.000ns - sys_clk_pin rise@0.000ns)
  Data Path Delay:        6.211ns  (logic 2.076ns (33.424%)  route 4.135ns (66.576%))
  Logic Levels:           6  (CARRY4=2 LUT4=1 LUT5=3)
  Clock Path Skew:        -0.037ns (DCD - SCD + CPR)
    Destination Clock Delay (DCD):    4.774ns = ( 14.774 - 10.000 ) 
    Source Clock Delay      (SCD):    5.071ns
    Clock Pessimism Removal (CPR):    0.260ns
  Clock Uncertainty:      0.035ns  ((TSJ^2 + TIJ^2)^1/2 + DJ) / 2 + PE
    Total System Jitter     (TSJ):    0.071ns
    Total Input Jitter      (TIJ):    0.000ns
    Discrete Jitter          (DJ):    0.000ns
    Phase Error              (PE):    0.000ns

    Location             Delay type                Incr(ns)  Path(ns)    Netlist Resource(s)
  -------------------------------------------------------------------    -------------------
                         (clock sys_clk_pin rise edge)
                                                      0.000     0.000 r  
    W5                                                0.000     0.000 r  clock (IN)
                         net (fo=0)                   0.000     0.000    clock
    W5                   IBUF (Prop_ibuf_I_O)         1.458     1.458 r  clock_IBUF_inst/O
                         net (fo=1, routed)           1.967     3.425    clock_IBUF
    BUFGCTRL_X0Y0        BUFG (Prop_bufg_I_O)         0.096     3.521 r  clock_IBUF_BUFG_inst/O
                         net (fo=389, routed)         1.550     5.071    CU/clock_IBUF_BUFG
    SLICE_X45Y27         FDRE                                         r  CU/state_reg[1]/C
  -------------------------------------------------------------------    -------------------
    SLICE_X45Y27         FDRE (Prop_fdre_C_Q)         0.456     5.527 f  CU/state_reg[1]/Q
                         net (fo=105, routed)         1.591     7.118    CU/state_reg_n_0_[1]
    SLICE_X40Y23         LUT5 (Prop_lut5_I0_O)        0.152     7.270 r  CU/p_1_out__0_carry_i_3/O
                         net (fo=17, routed)          0.810     8.080    CU/fe_scan_end[0]
    SLICE_X38Y27         LUT5 (Prop_lut5_I2_O)        0.326     8.406 f  CU/match_carry_i_8/O
                         net (fo=1, routed)           0.450     8.856    CU/match_carry_i_8_n_0
    SLICE_X39Y27         LUT4 (Prop_lut4_I3_O)        0.124     8.980 r  CU/match_carry_i_4/O
                         net (fo=1, routed)           0.000     8.980    FEU/scan_cmp/match_carry__0_0[0]
    SLICE_X39Y27         CARRY4 (Prop_carry4_S[0]_CO[3])
                                                      0.532     9.512 r  FEU/scan_cmp/match_carry/CO[3]
                         net (fo=1, routed)           0.000     9.512    FEU/scan_cmp/match_carry_n_0
    SLICE_X39Y28         CARRY4 (Prop_carry4_CI_CO[1])
                                                      0.157     9.669 r  FEU/scan_cmp/match_carry__0/CO[1]
                         net (fo=5, routed)           0.628    10.297    FEU/saved_switches_reg[15][0]
    SLICE_X39Y24         LUT5 (Prop_lut5_I0_O)        0.329    10.626 r  FEU/fe_match_addr[8]_i_1/O
                         net (fo=9, routed)           0.656    11.282    FEU/fe_match_addr[8]_i_1_n_0
    SLICE_X40Y22         FDRE                                         r  FEU/fe_match_addr_reg[8]/CE
  -------------------------------------------------------------------    -------------------

                         (clock sys_clk_pin rise edge)
                                                     10.000    10.000 r  
    W5                                                0.000    10.000 r  clock (IN)
                         net (fo=0)                   0.000    10.000    clock
    W5                   IBUF (Prop_ibuf_I_O)         1.388    11.388 r  clock_IBUF_inst/O
                         net (fo=1, routed)           1.862    13.250    clock_IBUF
    BUFGCTRL_X0Y0        BUFG (Prop_bufg_I_O)         0.091    13.341 r  clock_IBUF_BUFG_inst/O
                         net (fo=389, routed)         1.433    14.774    FEU/clock_IBUF_BUFG
    SLICE_X40Y22         FDRE                                         r  FEU/fe_match_addr_reg[8]/C
                         clock pessimism              0.260    15.034    
                         clock uncertainty           -0.035    14.999    
    SLICE_X40Y22         FDRE (Setup_fdre_C_CE)      -0.205    14.794    FEU/fe_match_addr_reg[8]
  -------------------------------------------------------------------
                         required time                         14.794    
                         arrival time                         -11.282    
  -------------------------------------------------------------------
                         slack                                  3.512    

Slack (MET) :             3.535ns  (required time - arrival time)
  Source:                 CU/state_reg[1]/C
                            (rising edge-triggered cell FDRE clocked by sys_clk_pin  {rise@0.000ns fall@5.000ns period=10.000ns})
  Destination:            FEU/FSM_sequential_state_reg[2]/D
                            (rising edge-triggered cell FDRE clocked by sys_clk_pin  {rise@0.000ns fall@5.000ns period=10.000ns})
  Path Group:             sys_clk_pin
  Path Type:              Setup (Max at Slow Process Corner)
  Requirement:            10.000ns  (sys_clk_pin rise@10.000ns - sys_clk_pin rise@0.000ns)
  Data Path Delay:        6.417ns  (logic 2.403ns (37.447%)  route 4.014ns (62.553%))
  Logic Levels:           7  (CARRY4=2 LUT3=1 LUT4=1 LUT5=2 LUT6=1)
  Clock Path Skew:        -0.042ns (DCD - SCD + CPR)
    Destination Clock Delay (DCD):    4.769ns = ( 14.769 - 10.000 ) 
    Source Clock Delay      (SCD):    5.071ns
    Clock Pessimism Removal (CPR):    0.260ns
  Clock Uncertainty:      0.035ns  ((TSJ^2 + TIJ^2)^1/2 + DJ) / 2 + PE
    Total System Jitter     (TSJ):    0.071ns
    Total Input Jitter      (TIJ):    0.000ns
    Discrete Jitter          (DJ):    0.000ns
    Phase Error              (PE):    0.000ns

    Location             Delay type                Incr(ns)  Path(ns)    Netlist Resource(s)
  -------------------------------------------------------------------    -------------------
                         (clock sys_clk_pin rise edge)
                                                      0.000     0.000 r  
    W5                                                0.000     0.000 r  clock (IN)
                         net (fo=0)                   0.000     0.000    clock
    W5                   IBUF (Prop_ibuf_I_O)         1.458     1.458 r  clock_IBUF_inst/O
                         net (fo=1, routed)           1.967     3.425    clock_IBUF
    BUFGCTRL_X0Y0        BUFG (Prop_bufg_I_O)         0.096     3.521 r  clock_IBUF_BUFG_inst/O
                         net (fo=389, routed)         1.550     5.071    CU/clock_IBUF_BUFG
    SLICE_X45Y27         FDRE                                         r  CU/state_reg[1]/C
  -------------------------------------------------------------------    -------------------
    SLICE_X45Y27         FDRE (Prop_fdre_C_Q)         0.456     5.527 f  CU/state_reg[1]/Q
                         net (fo=105, routed)         1.591     7.118    CU/state_reg_n_0_[1]
    SLICE_X40Y23         LUT5 (Prop_lut5_I0_O)        0.152     7.270 r  CU/p_1_out__0_carry_i_3/O
                         net (fo=17, routed)          0.810     8.080    CU/fe_scan_end[0]
    SLICE_X38Y27         LUT5 (Prop_lut5_I2_O)        0.326     8.406 f  CU/match_carry_i_8/O
                         net (fo=1, routed)           0.450     8.856    CU/match_carry_i_8_n_0
    SLICE_X39Y27         LUT4 (Prop_lut4_I3_O)        0.124     8.980 r  CU/match_carry_i_4/O
                         net (fo=1, routed)           0.000     8.980    FEU/scan_cmp/match_carry__0_0[0]
    SLICE_X39Y27         CARRY4 (Prop_carry4_S[0]_CO[3])
                                                      0.532     9.512 r  FEU/scan_cmp/match_carry/CO[3]
                         net (fo=1, routed)           0.000     9.512    FEU/scan_cmp/match_carry_n_0
    SLICE_X39Y28         CARRY4 (Prop_carry4_CI_CO[1])
                                                      0.157     9.669 r  FEU/scan_cmp/match_carry__0/CO[1]
                         net (fo=5, routed)           0.756    10.425    FEU/saved_switches_reg[15][0]
    SLICE_X39Y24         LUT3 (Prop_lut3_I1_O)        0.324    10.749 r  FEU/FSM_sequential_state[2]_i_2/O
                         net (fo=1, routed)           0.407    11.156    FEU/FSM_sequential_state[2]_i_2_n_0
    SLICE_X39Y24         LUT6 (Prop_lut6_I1_O)        0.332    11.488 r  FEU/FSM_sequential_state[2]_i_1/O
                         net (fo=1, routed)           0.000    11.488    FEU/FSM_sequential_state[2]_i_1_n_0
    SLICE_X39Y24         FDRE                                         r  FEU/FSM_sequential_state_reg[2]/D
  -------------------------------------------------------------------    -------------------

                         (clock sys_clk_pin rise edge)
                                                     10.000    10.000 r  
    W5                                                0.000    10.000 r  clock (IN)
                         net (fo=0)                   0.000    10.000    clock
    W5                   IBUF (Prop_ibuf_I_O)         1.388    11.388 r  clock_IBUF_inst/O
                         net (fo=1, routed)           1.862    13.250    clock_IBUF
    BUFGCTRL_X0Y0        BUFG (Prop_bufg_I_O)         0.091    13.341 r  clock_IBUF_BUFG_inst/O
                         net (fo=389, routed)         1.428    14.769    FEU/clock_IBUF_BUFG
    SLICE_X39Y24         FDRE                                         r  FEU/FSM_sequential_state_reg[2]/C
                         clock pessimism              0.260    15.029    
                         clock uncertainty           -0.035    14.994    
    SLICE_X39Y24         FDRE (Setup_fdre_C_D)        0.029    15.023    FEU/FSM_sequential_state_reg[2]
  -------------------------------------------------------------------
                         required time                         15.023    
                         arrival time                         -11.488    
  -------------------------------------------------------------------
                         slack                                  3.535    

Slack (MET) :             3.581ns  (required time - arrival time)
  Source:                 CU/state_reg[1]/C
                            (rising edge-triggered cell FDRE clocked by sys_clk_pin  {rise@0.000ns fall@5.000ns period=10.000ns})
  Destination:            FEU/fe_match_addr_reg[1]/CE
                            (rising edge-triggered cell FDRE clocked by sys_clk_pin  {rise@0.000ns fall@5.000ns period=10.000ns})
  Path Group:             sys_clk_pin
  Path Type:              Setup (Max at Slow Process Corner)
  Requirement:            10.000ns  (sys_clk_pin rise@10.000ns - sys_clk_pin rise@0.000ns)
  Data Path Delay:        6.140ns  (logic 2.076ns (33.813%)  route 4.064ns (66.187%))
  Logic Levels:           6  (CARRY4=2 LUT4=1 LUT5=3)
  Clock Path Skew:        -0.039ns (DCD - SCD + CPR)
    Destination Clock Delay (DCD):    4.772ns = ( 14.772 - 10.000 ) 
    Source Clock Delay      (SCD):    5.071ns
    Clock Pessimism Removal (CPR):    0.260ns
  Clock Uncertainty:      0.035ns  ((TSJ^2 + TIJ^2)^1/2 + DJ) / 2 + PE
    Total System Jitter     (TSJ):    0.071ns
    Total Input Jitter      (TIJ):    0.000ns
    Discrete Jitter          (DJ):    0.000ns
    Phase Error              (PE):    0.000ns

    Location             Delay type                Incr(ns)  Path(ns)    Netlist Resource(s)
  -------------------------------------------------------------------    -------------------
                         (clock sys_clk_pin rise edge)
                                                      0.000     0.000 r  
    W5                                                0.000     0.000 r  clock (IN)
                         net (fo=0)                   0.000     0.000    clock
    W5                   IBUF (Prop_ibuf_I_O)         1.458     1.458 r  clock_IBUF_inst/O
                         net (fo=1, routed)           1.967     3.425    clock_IBUF
    BUFGCTRL_X0Y0        BUFG (Prop_bufg_I_O)         0.096     3.521 r  clock_IBUF_BUFG_inst/O
                         net (fo=389, routed)         1.550     5.071    CU/clock_IBUF_BUFG
    SLICE_X45Y27         FDRE                                         r  CU/state_reg[1]/C
  -------------------------------------------------------------------    -------------------
    SLICE_X45Y27         FDRE (Prop_fdre_C_Q)         0.456     5.527 f  CU/state_reg[1]/Q
                         net (fo=105, routed)         1.591     7.118    CU/state_reg_n_0_[1]
    SLICE_X40Y23         LUT5 (Prop_lut5_I0_O)        0.152     7.270 r  CU/p_1_out__0_carry_i_3/O
                         net (fo=17, routed)          0.810     8.080    CU/fe_scan_end[0]
    SLICE_X38Y27         LUT5 (Prop_lut5_I2_O)        0.326     8.406 f  CU/match_carry_i_8/O
                         net (fo=1, routed)           0.450     8.856    CU/match_carry_i_8_n_0
    SLICE_X39Y27         LUT4 (Prop_lut4_I3_O)        0.124     8.980 r  CU/match_carry_i_4/O
                         net (fo=1, routed)           0.000     8.980    FEU/scan_cmp/match_carry__0_0[0]
    SLICE_X39Y27         CARRY4 (Prop_carry4_S[0]_CO[3])
                                                      0.532     9.512 r  FEU/scan_cmp/match_carry/CO[3]
                         net (fo=1, routed)           0.000     9.512    FEU/scan_cmp/match_carry_n_0
    SLICE_X39Y28         CARRY4 (Prop_carry4_CI_CO[1])
                                                      0.157     9.669 r  FEU/scan_cmp/match_carry__0/CO[1]
                         net (fo=5, routed)           0.628    10.297    FEU/saved_switches_reg[15][0]
    SLICE_X39Y24         LUT5 (Prop_lut5_I0_O)        0.329    10.626 r  FEU/fe_match_addr[8]_i_1/O
                         net (fo=9, routed)           0.585    11.211    FEU/fe_match_addr[8]_i_1_n_0
    SLICE_X39Y22         FDRE                                         r  FEU/fe_match_addr_reg[1]/CE
  -------------------------------------------------------------------    -------------------

                         (clock sys_clk_pin rise edge)
                                                     10.000    10.000 r  
    W5                                                0.000    10.000 r  clock (IN)
                         net (fo=0)                   0.000    10.000    clock
    W5                   IBUF (Prop_ibuf_I_O)         1.388    11.388 r  clock_IBUF_inst/O
                         net (fo=1, routed)           1.862    13.250    clock_IBUF
    BUFGCTRL_X0Y0        BUFG (Prop_bufg_I_O)         0.091    13.341 r  clock_IBUF_BUFG_inst/O
                         net (fo=389, routed)         1.431    14.772    FEU/clock_IBUF_BUFG
    SLICE_X39Y22         FDRE                                         r  FEU/fe_match_addr_reg[1]/C
                         clock pessimism              0.260    15.032    
                         clock uncertainty           -0.035    14.997    
    SLICE_X39Y22         FDRE (Setup_fdre_C_CE)      -0.205    14.792    FEU/fe_match_addr_reg[1]
  -------------------------------------------------------------------
                         required time                         14.792    
                         arrival time                         -11.211    
  -------------------------------------------------------------------
                         slack                                  3.581    

Slack (MET) :             3.581ns  (required time - arrival time)
  Source:                 CU/state_reg[1]/C
                            (rising edge-triggered cell FDRE clocked by sys_clk_pin  {rise@0.000ns fall@5.000ns period=10.000ns})
  Destination:            FEU/fe_match_addr_reg[4]/CE
                            (rising edge-triggered cell FDRE clocked by sys_clk_pin  {rise@0.000ns fall@5.000ns period=10.000ns})
  Path Group:             sys_clk_pin
  Path Type:              Setup (Max at Slow Process Corner)
  Requirement:            10.000ns  (sys_clk_pin rise@10.000ns - sys_clk_pin rise@0.000ns)
  Data Path Delay:        6.140ns  (logic 2.076ns (33.813%)  route 4.064ns (66.187%))
  Logic Levels:           6  (CARRY4=2 LUT4=1 LUT5=3)
  Clock Path Skew:        -0.039ns (DCD - SCD + CPR)
    Destination Clock Delay (DCD):    4.772ns = ( 14.772 - 10.000 ) 
    Source Clock Delay      (SCD):    5.071ns
    Clock Pessimism Removal (CPR):    0.260ns
  Clock Uncertainty:      0.035ns  ((TSJ^2 + TIJ^2)^1/2 + DJ) / 2 + PE
    Total System Jitter     (TSJ):    0.071ns
    Total Input Jitter      (TIJ):    0.000ns
    Discrete Jitter          (DJ):    0.000ns
    Phase Error              (PE):    0.000ns

    Location             Delay type                Incr(ns)  Path(ns)    Netlist Resource(s)
  -------------------------------------------------------------------    -------------------
                         (clock sys_clk_pin rise edge)
                                                      0.000     0.000 r  
    W5                                                0.000     0.000 r  clock (IN)
                         net (fo=0)                   0.000     0.000    clock
    W5                   IBUF (Prop_ibuf_I_O)         1.458     1.458 r  clock_IBUF_inst/O
                         net (fo=1, routed)           1.967     3.425    clock_IBUF
    BUFGCTRL_X0Y0        BUFG (Prop_bufg_I_O)         0.096     3.521 r  clock_IBUF_BUFG_inst/O
                         net (fo=389, routed)         1.550     5.071    CU/clock_IBUF_BUFG
    SLICE_X45Y27         FDRE                                         r  CU/state_reg[1]/C
  -------------------------------------------------------------------    -------------------
    SLICE_X45Y27         FDRE (Prop_fdre_C_Q)         0.456     5.527 f  CU/state_reg[1]/Q
                         net (fo=105, routed)         1.591     7.118    CU/state_reg_n_0_[1]
    SLICE_X40Y23         LUT5 (Prop_lut5_I0_O)        0.152     7.270 r  CU/p_1_out__0_carry_i_3/O
                         net (fo=17, routed)          0.810     8.080    CU/fe_scan_end[0]
    SLICE_X38Y27         LUT5 (Prop_lut5_I2_O)        0.326     8.406 f  CU/match_carry_i_8/O
                         net (fo=1, routed)           0.450     8.856    CU/match_carry_i_8_n_0
    SLICE_X39Y27         LUT4 (Prop_lut4_I3_O)        0.124     8.980 r  CU/match_carry_i_4/O
                         net (fo=1, routed)           0.000     8.980    FEU/scan_cmp/match_carry__0_0[0]
    SLICE_X39Y27         CARRY4 (Prop_carry4_S[0]_CO[3])
                                                      0.532     9.512 r  FEU/scan_cmp/match_carry/CO[3]
                         net (fo=1, routed)           0.000     9.512    FEU/scan_cmp/match_carry_n_0
    SLICE_X39Y28         CARRY4 (Prop_carry4_CI_CO[1])
                                                      0.157     9.669 r  FEU/scan_cmp/match_carry__0/CO[1]
                         net (fo=5, routed)           0.628    10.297    FEU/saved_switches_reg[15][0]
    SLICE_X39Y24         LUT5 (Prop_lut5_I0_O)        0.329    10.626 r  FEU/fe_match_addr[8]_i_1/O
                         net (fo=9, routed)           0.585    11.211    FEU/fe_match_addr[8]_i_1_n_0
    SLICE_X39Y22         FDRE                                         r  FEU/fe_match_addr_reg[4]/CE
  -------------------------------------------------------------------    -------------------

                         (clock sys_clk_pin rise edge)
                                                     10.000    10.000 r  
    W5                                                0.000    10.000 r  clock (IN)
                         net (fo=0)                   0.000    10.000    clock
    W5                   IBUF (Prop_ibuf_I_O)         1.388    11.388 r  clock_IBUF_inst/O
                         net (fo=1, routed)           1.862    13.250    clock_IBUF
    BUFGCTRL_X0Y0        BUFG (Prop_bufg_I_O)         0.091    13.341 r  clock_IBUF_BUFG_inst/O
                         net (fo=389, routed)         1.431    14.772    FEU/clock_IBUF_BUFG
    SLICE_X39Y22         FDRE                                         r  FEU/fe_match_addr_reg[4]/C
                         clock pessimism              0.260    15.032    
                         clock uncertainty           -0.035    14.997    
    SLICE_X39Y22         FDRE (Setup_fdre_C_CE)      -0.205    14.792    FEU/fe_match_addr_reg[4]
  -------------------------------------------------------------------
                         required time                         14.792    
                         arrival time                         -11.211    
  -------------------------------------------------------------------
                         slack                                  3.581    

Slack (MET) :             3.614ns  (required time - arrival time)
  Source:                 CU/state_reg[1]/C
                            (rising edge-triggered cell FDRE clocked by sys_clk_pin  {rise@0.000ns fall@5.000ns period=10.000ns})
  Destination:            FEU/fe_match_addr_reg[7]/CE
                            (rising edge-triggered cell FDRE clocked by sys_clk_pin  {rise@0.000ns fall@5.000ns period=10.000ns})
  Path Group:             sys_clk_pin
  Path Type:              Setup (Max at Slow Process Corner)
  Requirement:            10.000ns  (sys_clk_pin rise@10.000ns - sys_clk_pin rise@0.000ns)
  Data Path Delay:        6.108ns  (logic 2.076ns (33.989%)  route 4.032ns (66.011%))
  Logic Levels:           6  (CARRY4=2 LUT4=1 LUT5=3)
  Clock Path Skew:        -0.038ns (DCD - SCD + CPR)
    Destination Clock Delay (DCD):    4.773ns = ( 14.773 - 10.000 ) 
    Source Clock Delay      (SCD):    5.071ns
    Clock Pessimism Removal (CPR):    0.260ns
  Clock Uncertainty:      0.035ns  ((TSJ^2 + TIJ^2)^1/2 + DJ) / 2 + PE
    Total System Jitter     (TSJ):    0.071ns
    Total Input Jitter      (TIJ):    0.000ns
    Discrete Jitter          (DJ):    0.000ns
    Phase Error              (PE):    0.000ns

    Location             Delay type                Incr(ns)  Path(ns)    Netlist Resource(s)
  -------------------------------------------------------------------    -------------------
                         (clock sys_clk_pin rise edge)
                                                      0.000     0.000 r  
    W5                                                0.000     0.000 r  clock (IN)
                         net (fo=0)                   0.000     0.000    clock
    W5                   IBUF (Prop_ibuf_I_O)         1.458     1.458 r  clock_IBUF_inst/O
                         net (fo=1, routed)           1.967     3.425    clock_IBUF
    BUFGCTRL_X0Y0        BUFG (Prop_bufg_I_O)         0.096     3.521 r  clock_IBUF_BUFG_inst/O
                         net (fo=389, routed)         1.550     5.071    CU/clock_IBUF_BUFG
    SLICE_X45Y27         FDRE                                         r  CU/state_reg[1]/C
  -------------------------------------------------------------------    -------------------
    SLICE_X45Y27         FDRE (Prop_fdre_C_Q)         0.456     5.527 f  CU/state_reg[1]/Q
                         net (fo=105, routed)         1.591     7.118    CU/state_reg_n_0_[1]
    SLICE_X40Y23         LUT5 (Prop_lut5_I0_O)        0.152     7.270 r  CU/p_1_out__0_carry_i_3/O
                         net (fo=17, routed)          0.810     8.080    CU/fe_scan_end[0]
    SLICE_X38Y27         LUT5 (Prop_lut5_I2_O)        0.326     8.406 f  CU/match_carry_i_8/O
                         net (fo=1, routed)           0.450     8.856    CU/match_carry_i_8_n_0
    SLICE_X39Y27         LUT4 (Prop_lut4_I3_O)        0.124     8.980 r  CU/match_carry_i_4/O
                         net (fo=1, routed)           0.000     8.980    FEU/scan_cmp/match_carry__0_0[0]
    SLICE_X39Y27         CARRY4 (Prop_carry4_S[0]_CO[3])
                                                      0.532     9.512 r  FEU/scan_cmp/match_carry/CO[3]
                         net (fo=1, routed)           0.000     9.512    FEU/scan_cmp/match_carry_n_0
    SLICE_X39Y28         CARRY4 (Prop_carry4_CI_CO[1])
                                                      0.157     9.669 r  FEU/scan_cmp/match_carry__0/CO[1]
                         net (fo=5, routed)           0.628    10.297    FEU/saved_switches_reg[15][0]
    SLICE_X39Y24         LUT5 (Prop_lut5_I0_O)        0.329    10.626 r  FEU/fe_match_addr[8]_i_1/O
                         net (fo=9, routed)           0.553    11.179    FEU/fe_match_addr[8]_i_1_n_0
    SLICE_X41Y26         FDRE                                         r  FEU/fe_match_addr_reg[7]/CE
  -------------------------------------------------------------------    -------------------

                         (clock sys_clk_pin rise edge)
                                                     10.000    10.000 r  
    W5                                                0.000    10.000 r  clock (IN)
                         net (fo=0)                   0.000    10.000    clock
    W5                   IBUF (Prop_ibuf_I_O)         1.388    11.388 r  clock_IBUF_inst/O
                         net (fo=1, routed)           1.862    13.250    clock_IBUF
    BUFGCTRL_X0Y0        BUFG (Prop_bufg_I_O)         0.091    13.341 r  clock_IBUF_BUFG_inst/O
                         net (fo=389, routed)         1.432    14.773    FEU/clock_IBUF_BUFG
    SLICE_X41Y26         FDRE                                         r  FEU/fe_match_addr_reg[7]/C
                         clock pessimism              0.260    15.033    
                         clock uncertainty           -0.035    14.998    
    SLICE_X41Y26         FDRE (Setup_fdre_C_CE)      -0.205    14.793    FEU/fe_match_addr_reg[7]
  -------------------------------------------------------------------
                         required time                         14.793    
                         arrival time                         -11.179    
  -------------------------------------------------------------------
                         slack                                  3.614    

Slack (MET) :             3.684ns  (required time - arrival time)
  Source:                 CU/state_reg[1]/C
                            (rising edge-triggered cell FDRE clocked by sys_clk_pin  {rise@0.000ns fall@5.000ns period=10.000ns})
  Destination:            FEU/fe_match_addr_reg[0]/CE
                            (rising edge-triggered cell FDRE clocked by sys_clk_pin  {rise@0.000ns fall@5.000ns period=10.000ns})
  Path Group:             sys_clk_pin
  Path Type:              Setup (Max at Slow Process Corner)
  Requirement:            10.000ns  (sys_clk_pin rise@10.000ns - sys_clk_pin rise@0.000ns)
  Data Path Delay:        6.073ns  (logic 2.076ns (34.182%)  route 3.997ns (65.818%))
  Logic Levels:           6  (CARRY4=2 LUT4=1 LUT5=3)
  Clock Path Skew:        -0.038ns (DCD - SCD + CPR)
    Destination Clock Delay (DCD):    4.773ns = ( 14.773 - 10.000 ) 
    Source Clock Delay      (SCD):    5.071ns
    Clock Pessimism Removal (CPR):    0.260ns
  Clock Uncertainty:      0.035ns  ((TSJ^2 + TIJ^2)^1/2 + DJ) / 2 + PE
    Total System Jitter     (TSJ):    0.071ns
    Total Input Jitter      (TIJ):    0.000ns
    Discrete Jitter          (DJ):    0.000ns
    Phase Error              (PE):    0.000ns

    Location             Delay type                Incr(ns)  Path(ns)    Netlist Resource(s)
  -------------------------------------------------------------------    -------------------
                         (clock sys_clk_pin rise edge)
                                                      0.000     0.000 r  
    W5                                                0.000     0.000 r  clock (IN)
                         net (fo=0)                   0.000     0.000    clock
    W5                   IBUF (Prop_ibuf_I_O)         1.458     1.458 r  clock_IBUF_inst/O
                         net (fo=1, routed)           1.967     3.425    clock_IBUF
    BUFGCTRL_X0Y0        BUFG (Prop_bufg_I_O)         0.096     3.521 r  clock_IBUF_BUFG_inst/O
                         net (fo=389, routed)         1.550     5.071    CU/clock_IBUF_BUFG
    SLICE_X45Y27         FDRE                                         r  CU/state_reg[1]/C
  -------------------------------------------------------------------    -------------------
    SLICE_X45Y27         FDRE (Prop_fdre_C_Q)         0.456     5.527 f  CU/state_reg[1]/Q
                         net (fo=105, routed)         1.591     7.118    CU/state_reg_n_0_[1]
    SLICE_X40Y23         LUT5 (Prop_lut5_I0_O)        0.152     7.270 r  CU/p_1_out__0_carry_i_3/O
                         net (fo=17, routed)          0.810     8.080    CU/fe_scan_end[0]
    SLICE_X38Y27         LUT5 (Prop_lut5_I2_O)        0.326     8.406 f  CU/match_carry_i_8/O
                         net (fo=1, routed)           0.450     8.856    CU/match_carry_i_8_n_0
    SLICE_X39Y27         LUT4 (Prop_lut4_I3_O)        0.124     8.980 r  CU/match_carry_i_4/O
                         net (fo=1, routed)           0.000     8.980    FEU/scan_cmp/match_carry__0_0[0]
    SLICE_X39Y27         CARRY4 (Prop_carry4_S[0]_CO[3])
                                                      0.532     9.512 r  FEU/scan_cmp/match_carry/CO[3]
                         net (fo=1, routed)           0.000     9.512    FEU/scan_cmp/match_carry_n_0
    SLICE_X39Y28         CARRY4 (Prop_carry4_CI_CO[1])
                                                      0.157     9.669 r  FEU/scan_cmp/match_carry__0/CO[1]
                         net (fo=5, routed)           0.628    10.297    FEU/saved_switches_reg[15][0]
    SLICE_X39Y24         LUT5 (Prop_lut5_I0_O)        0.329    10.626 r  FEU/fe_match_addr[8]_i_1/O
                         net (fo=9, routed)           0.518    11.145    FEU/fe_match_addr[8]_i_1_n_0
    SLICE_X42Y23         FDRE                                         r  FEU/fe_match_addr_reg[0]/CE
  -------------------------------------------------------------------    -------------------

                         (clock sys_clk_pin rise edge)
                                                     10.000    10.000 r  
    W5                                                0.000    10.000 r  clock (IN)
                         net (fo=0)                   0.000    10.000    clock
    W5                   IBUF (Prop_ibuf_I_O)         1.388    11.388 r  clock_IBUF_inst/O
                         net (fo=1, routed)           1.862    13.250    clock_IBUF
    BUFGCTRL_X0Y0        BUFG (Prop_bufg_I_O)         0.091    13.341 r  clock_IBUF_BUFG_inst/O
                         net (fo=389, routed)         1.432    14.773    FEU/clock_IBUF_BUFG
    SLICE_X42Y23         FDRE                                         r  FEU/fe_match_addr_reg[0]/C
                         clock pessimism              0.260    15.033    
                         clock uncertainty           -0.035    14.998    
    SLICE_X42Y23         FDRE (Setup_fdre_C_CE)      -0.169    14.829    FEU/fe_match_addr_reg[0]
  -------------------------------------------------------------------
                         required time                         14.829    
                         arrival time                         -11.145    
  -------------------------------------------------------------------
                         slack                                  3.684    





Min Delay Paths
--------------------------------------------------------------------------------------
Slack (MET) :             0.140ns  (arrival time - required time)
  Source:                 FEU/FSM_sequential_state_reg[0]/C
                            (rising edge-triggered cell FDRE clocked by sys_clk_pin  {rise@0.000ns fall@5.000ns period=10.000ns})
  Destination:            FEU/FSM_sequential_state_reg[1]/D
                            (rising edge-triggered cell FDRE clocked by sys_clk_pin  {rise@0.000ns fall@5.000ns period=10.000ns})
  Path Group:             sys_clk_pin
  Path Type:              Hold (Min at Fast Process Corner)
  Requirement:            0.000ns  (sys_clk_pin rise@0.000ns - sys_clk_pin rise@0.000ns)
  Data Path Delay:        0.274ns  (logic 0.186ns (67.773%)  route 0.088ns (32.227%))
  Logic Levels:           1  (LUT6=1)
  Clock Path Skew:        0.013ns (DCD - SCD - CPR)
    Destination Clock Delay (DCD):    1.943ns
    Source Clock Delay      (SCD):    1.433ns
    Clock Pessimism Removal (CPR):    0.497ns

    Location             Delay type                Incr(ns)  Path(ns)    Netlist Resource(s)
  -------------------------------------------------------------------    -------------------
                         (clock sys_clk_pin rise edge)
                                                      0.000     0.000 r  
    W5                                                0.000     0.000 r  clock (IN)
                         net (fo=0)                   0.000     0.000    clock
    W5                   IBUF (Prop_ibuf_I_O)         0.226     0.226 r  clock_IBUF_inst/O
                         net (fo=1, routed)           0.631     0.858    clock_IBUF
    BUFGCTRL_X0Y0        BUFG (Prop_bufg_I_O)         0.026     0.884 r  clock_IBUF_BUFG_inst/O
                         net (fo=389, routed)         0.550     1.433    FEU/clock_IBUF_BUFG
    SLICE_X39Y24         FDRE                                         r  FEU/FSM_sequential_state_reg[0]/C
  -------------------------------------------------------------------    -------------------
    SLICE_X39Y24         FDRE (Prop_fdre_C_Q)         0.141     1.574 r  FEU/FSM_sequential_state_reg[0]/Q
                         net (fo=24, routed)          0.088     1.663    FEU/FSM_sequential_state_reg[3]_0[0]
    SLICE_X38Y24         LUT6 (Prop_lut6_I4_O)        0.045     1.708 r  FEU/FSM_sequential_state[1]_i_1/O
                         net (fo=1, routed)           0.000     1.708    FEU/state__0[1]
    SLICE_X38Y24         FDRE                                         r  FEU/FSM_sequential_state_reg[1]/D
  -------------------------------------------------------------------    -------------------

                         (clock sys_clk_pin rise edge)
                                                      0.000     0.000 r  
    W5                                                0.000     0.000 r  clock (IN)
                         net (fo=0)                   0.000     0.000    clock
    W5                   IBUF (Prop_ibuf_I_O)         0.414     0.414 r  clock_IBUF_inst/O
                         net (fo=1, routed)           0.685     1.099    clock_IBUF
    BUFGCTRL_X0Y0        BUFG (Prop_bufg_I_O)         0.029     1.128 r  clock_IBUF_BUFG_inst/O
                         net (fo=389, routed)         0.816     1.943    FEU/clock_IBUF_BUFG
    SLICE_X38Y24         FDRE                                         r  FEU/FSM_sequential_state_reg[1]/C
                         clock pessimism             -0.497     1.446    
    SLICE_X38Y24         FDRE (Hold_fdre_C_D)         0.121     1.567    FEU/FSM_sequential_state_reg[1]
  -------------------------------------------------------------------
                         required time                         -1.567    
                         arrival time                           1.708    
  -------------------------------------------------------------------
                         slack                                  0.140    

Slack (MET) :             0.177ns  (arrival time - required time)
  Source:                 FEU/fe_match_addr_reg[3]/C
                            (rising edge-triggered cell FDRE clocked by sys_clk_pin  {rise@0.000ns fall@5.000ns period=10.000ns})
  Destination:            CU/saved_match_addr_reg[3]/D
                            (rising edge-triggered cell FDRE clocked by sys_clk_pin  {rise@0.000ns fall@5.000ns period=10.000ns})
  Path Group:             sys_clk_pin
  Path Type:              Hold (Min at Fast Process Corner)
  Requirement:            0.000ns  (sys_clk_pin rise@0.000ns - sys_clk_pin rise@0.000ns)
  Data Path Delay:        0.261ns  (logic 0.141ns (54.076%)  route 0.120ns (45.924%))
  Logic Levels:           0  
  Clock Path Skew:        0.014ns (DCD - SCD - CPR)
    Destination Clock Delay (DCD):    1.945ns
    Source Clock Delay      (SCD):    1.433ns
    Clock Pessimism Removal (CPR):    0.498ns

    Location             Delay type                Incr(ns)  Path(ns)    Netlist Resource(s)
  -------------------------------------------------------------------    -------------------
                         (clock sys_clk_pin rise edge)
                                                      0.000     0.000 r  
    W5                                                0.000     0.000 r  clock (IN)
                         net (fo=0)                   0.000     0.000    clock
    W5                   IBUF (Prop_ibuf_I_O)         0.226     0.226 r  clock_IBUF_inst/O
                         net (fo=1, routed)           0.631     0.858    clock_IBUF
    BUFGCTRL_X0Y0        BUFG (Prop_bufg_I_O)         0.026     0.884 r  clock_IBUF_BUFG_inst/O
                         net (fo=389, routed)         0.550     1.433    FEU/clock_IBUF_BUFG
    SLICE_X40Y24         FDRE                                         r  FEU/fe_match_addr_reg[3]/C
  -------------------------------------------------------------------    -------------------
    SLICE_X40Y24         FDRE (Prop_fdre_C_Q)         0.141     1.574 r  FEU/fe_match_addr_reg[3]/Q
                         net (fo=1, routed)           0.120     1.694    CU/saved_match_addr_reg[8]_0[3]
    SLICE_X40Y23         FDRE                                         r  CU/saved_match_addr_reg[3]/D
  -------------------------------------------------------------------    -------------------

                         (clock sys_clk_pin rise edge)
                                                      0.000     0.000 r  
    W5                                                0.000     0.000 r  clock (IN)
                         net (fo=0)                   0.000     0.000    clock
    W5                   IBUF (Prop_ibuf_I_O)         0.414     0.414 r  clock_IBUF_inst/O
                         net (fo=1, routed)           0.685     1.099    clock_IBUF
    BUFGCTRL_X0Y0        BUFG (Prop_bufg_I_O)         0.029     1.128 r  clock_IBUF_BUFG_inst/O
                         net (fo=389, routed)         0.818     1.945    CU/clock_IBUF_BUFG
    SLICE_X40Y23         FDRE                                         r  CU/saved_match_addr_reg[3]/C
                         clock pessimism             -0.498     1.447    
    SLICE_X40Y23         FDRE (Hold_fdre_C_D)         0.070     1.517    CU/saved_match_addr_reg[3]
  -------------------------------------------------------------------
                         required time                         -1.517    
                         arrival time                           1.694    
  -------------------------------------------------------------------
                         slack                                  0.177    

Slack (MET) :             0.180ns  (arrival time - required time)
  Source:                 TIMER/sec_in_min_reg[4]/C
                            (rising edge-triggered cell FDRE clocked by sys_clk_pin  {rise@0.000ns fall@5.000ns period=10.000ns})
  Destination:            TIMER/sec_in_min_reg[5]/D
                            (rising edge-triggered cell FDRE clocked by sys_clk_pin  {rise@0.000ns fall@5.000ns period=10.000ns})
  Path Group:             sys_clk_pin
  Path Type:              Hold (Min at Fast Process Corner)
  Requirement:            0.000ns  (sys_clk_pin rise@0.000ns - sys_clk_pin rise@0.000ns)
  Data Path Delay:        0.284ns  (logic 0.186ns (65.455%)  route 0.098ns (34.545%))
  Logic Levels:           1  (LUT6=1)
  Clock Path Skew:        0.013ns (DCD - SCD - CPR)
    Destination Clock Delay (DCD):    1.955ns
    Source Clock Delay      (SCD):    1.443ns
    Clock Pessimism Removal (CPR):    0.499ns

    Location             Delay type                Incr(ns)  Path(ns)    Netlist Resource(s)
  -------------------------------------------------------------------    -------------------
                         (clock sys_clk_pin rise edge)
                                                      0.000     0.000 r  
    W5                                                0.000     0.000 r  clock (IN)
                         net (fo=0)                   0.000     0.000    clock
    W5                   IBUF (Prop_ibuf_I_O)         0.226     0.226 r  clock_IBUF_inst/O
                         net (fo=1, routed)           0.631     0.858    clock_IBUF
    BUFGCTRL_X0Y0        BUFG (Prop_bufg_I_O)         0.026     0.884 r  clock_IBUF_BUFG_inst/O
                         net (fo=389, routed)         0.560     1.443    TIMER/clock_IBUF_BUFG
    SLICE_X48Y32         FDRE                                         r  TIMER/sec_in_min_reg[4]/C
  -------------------------------------------------------------------    -------------------
    SLICE_X48Y32         FDRE (Prop_fdre_C_Q)         0.141     1.584 r  TIMER/sec_in_min_reg[4]/Q
                         net (fo=5, routed)           0.098     1.682    TIMER/sec_in_min_reg_n_0_[4]
    SLICE_X49Y32         LUT6 (Prop_lut6_I0_O)        0.045     1.727 r  TIMER/sec_in_min[5]_i_2/O
                         net (fo=1, routed)           0.000     1.727    TIMER/sec_in_min[5]
    SLICE_X49Y32         FDRE                                         r  TIMER/sec_in_min_reg[5]/D
  -------------------------------------------------------------------    -------------------

                         (clock sys_clk_pin rise edge)
                                                      0.000     0.000 r  
    W5                                                0.000     0.000 r  clock (IN)
                         net (fo=0)                   0.000     0.000    clock
    W5                   IBUF (Prop_ibuf_I_O)         0.414     0.414 r  clock_IBUF_inst/O
                         net (fo=1, routed)           0.685     1.099    clock_IBUF
    BUFGCTRL_X0Y0        BUFG (Prop_bufg_I_O)         0.029     1.128 r  clock_IBUF_BUFG_inst/O
                         net (fo=389, routed)         0.828     1.955    TIMER/clock_IBUF_BUFG
    SLICE_X49Y32         FDRE                                         r  TIMER/sec_in_min_reg[5]/C
                         clock pessimism             -0.499     1.456    
    SLICE_X49Y32         FDRE (Hold_fdre_C_D)         0.091     1.547    TIMER/sec_in_min_reg[5]
  -------------------------------------------------------------------
                         required time                         -1.547    
                         arrival time                           1.727    
  -------------------------------------------------------------------
                         slack                                  0.180    

Slack (MET) :             0.183ns  (arrival time - required time)
  Source:                 FEU/fe_match_addr_reg[6]/C
                            (rising edge-triggered cell FDRE clocked by sys_clk_pin  {rise@0.000ns fall@5.000ns period=10.000ns})
  Destination:            CU/saved_match_addr_reg[6]/D
                            (rising edge-triggered cell FDRE clocked by sys_clk_pin  {rise@0.000ns fall@5.000ns period=10.000ns})
  Path Group:             sys_clk_pin
  Path Type:              Hold (Min at Fast Process Corner)
  Requirement:            0.000ns  (sys_clk_pin rise@0.000ns - sys_clk_pin rise@0.000ns)
  Data Path Delay:        0.268ns  (logic 0.164ns (61.206%)  route 0.104ns (38.794%))
  Logic Levels:           0  
  Clock Path Skew:        0.013ns (DCD - SCD - CPR)
    Destination Clock Delay (DCD):    1.945ns
    Source Clock Delay      (SCD):    1.434ns
    Clock Pessimism Removal (CPR):    0.498ns

    Location             Delay type                Incr(ns)  Path(ns)    Netlist Resource(s)
  -------------------------------------------------------------------    -------------------
                         (clock sys_clk_pin rise edge)
                                                      0.000     0.000 r  
    W5                                                0.000     0.000 r  clock (IN)
                         net (fo=0)                   0.000     0.000    clock
    W5                   IBUF (Prop_ibuf_I_O)         0.226     0.226 r  clock_IBUF_inst/O
                         net (fo=1, routed)           0.631     0.858    clock_IBUF
    BUFGCTRL_X0Y0        BUFG (Prop_bufg_I_O)         0.026     0.884 r  clock_IBUF_BUFG_inst/O
                         net (fo=389, routed)         0.551     1.434    FEU/clock_IBUF_BUFG
    SLICE_X42Y23         FDRE                                         r  FEU/fe_match_addr_reg[6]/C
  -------------------------------------------------------------------    -------------------
    SLICE_X42Y23         FDRE (Prop_fdre_C_Q)         0.164     1.598 r  FEU/fe_match_addr_reg[6]/Q
                         net (fo=1, routed)           0.104     1.702    CU/saved_match_addr_reg[8]_0[6]
    SLICE_X40Y23         FDRE                                         r  CU/saved_match_addr_reg[6]/D
  -------------------------------------------------------------------    -------------------

                         (clock sys_clk_pin rise edge)
                                                      0.000     0.000 r  
    W5                                                0.000     0.000 r  clock (IN)
                         net (fo=0)                   0.000     0.000    clock
    W5                   IBUF (Prop_ibuf_I_O)         0.414     0.414 r  clock_IBUF_inst/O
                         net (fo=1, routed)           0.685     1.099    clock_IBUF
    BUFGCTRL_X0Y0        BUFG (Prop_bufg_I_O)         0.029     1.128 r  clock_IBUF_BUFG_inst/O
                         net (fo=389, routed)         0.818     1.945    CU/clock_IBUF_BUFG
    SLICE_X40Y23         FDRE                                         r  CU/saved_match_addr_reg[6]/C
                         clock pessimism             -0.498     1.447    
    SLICE_X40Y23         FDRE (Hold_fdre_C_D)         0.072     1.519    CU/saved_match_addr_reg[6]
  -------------------------------------------------------------------
                         required time                         -1.519    
                         arrival time                           1.702    
  -------------------------------------------------------------------
                         slack                                  0.183    

Slack (MET) :             0.188ns  (arrival time - required time)
  Source:                 FEU/fe_match_addr_reg[0]/C
                            (rising edge-triggered cell FDRE clocked by sys_clk_pin  {rise@0.000ns fall@5.000ns period=10.000ns})
  Destination:            CU/saved_match_addr_reg[0]/D
                            (rising edge-triggered cell FDRE clocked by sys_clk_pin  {rise@0.000ns fall@5.000ns period=10.000ns})
  Path Group:             sys_clk_pin
  Path Type:              Hold (Min at Fast Process Corner)
  Requirement:            0.000ns  (sys_clk_pin rise@0.000ns - sys_clk_pin rise@0.000ns)
  Data Path Delay:        0.271ns  (logic 0.164ns (60.547%)  route 0.107ns (39.453%))
  Logic Levels:           0  
  Clock Path Skew:        0.013ns (DCD - SCD - CPR)
    Destination Clock Delay (DCD):    1.945ns
    Source Clock Delay      (SCD):    1.434ns
    Clock Pessimism Removal (CPR):    0.498ns

    Location             Delay type                Incr(ns)  Path(ns)    Netlist Resource(s)
  -------------------------------------------------------------------    -------------------
                         (clock sys_clk_pin rise edge)
                                                      0.000     0.000 r  
    W5                                                0.000     0.000 r  clock (IN)
                         net (fo=0)                   0.000     0.000    clock
    W5                   IBUF (Prop_ibuf_I_O)         0.226     0.226 r  clock_IBUF_inst/O
                         net (fo=1, routed)           0.631     0.858    clock_IBUF
    BUFGCTRL_X0Y0        BUFG (Prop_bufg_I_O)         0.026     0.884 r  clock_IBUF_BUFG_inst/O
                         net (fo=389, routed)         0.551     1.434    FEU/clock_IBUF_BUFG
    SLICE_X42Y23         FDRE                                         r  FEU/fe_match_addr_reg[0]/C
  -------------------------------------------------------------------    -------------------
    SLICE_X42Y23         FDRE (Prop_fdre_C_Q)         0.164     1.598 r  FEU/fe_match_addr_reg[0]/Q
                         net (fo=1, routed)           0.107     1.705    CU/saved_match_addr_reg[8]_0[0]
    SLICE_X40Y23         FDRE                                         r  CU/saved_match_addr_reg[0]/D
  -------------------------------------------------------------------    -------------------

                         (clock sys_clk_pin rise edge)
                                                      0.000     0.000 r  
    W5                                                0.000     0.000 r  clock (IN)
                         net (fo=0)                   0.000     0.000    clock
    W5                   IBUF (Prop_ibuf_I_O)         0.414     0.414 r  clock_IBUF_inst/O
                         net (fo=1, routed)           0.685     1.099    clock_IBUF
    BUFGCTRL_X0Y0        BUFG (Prop_bufg_I_O)         0.029     1.128 r  clock_IBUF_BUFG_inst/O
                         net (fo=389, routed)         0.818     1.945    CU/clock_IBUF_BUFG
    SLICE_X40Y23         FDRE                                         r  CU/saved_match_addr_reg[0]/C
                         clock pessimism             -0.498     1.447    
    SLICE_X40Y23         FDRE (Hold_fdre_C_D)         0.070     1.517    CU/saved_match_addr_reg[0]
  -------------------------------------------------------------------
                         required time                         -1.517    
                         arrival time                           1.705    
  -------------------------------------------------------------------
                         slack                                  0.188    

Slack (MET) :             0.207ns  (arrival time - required time)
  Source:                 FEU/fe_match_addr_reg[2]/C
                            (rising edge-triggered cell FDRE clocked by sys_clk_pin  {rise@0.000ns fall@5.000ns period=10.000ns})
  Destination:            CU/saved_match_addr_reg[2]/D
                            (rising edge-triggered cell FDRE clocked by sys_clk_pin  {rise@0.000ns fall@5.000ns period=10.000ns})
  Path Group:             sys_clk_pin
  Path Type:              Hold (Min at Fast Process Corner)
  Requirement:            0.000ns  (sys_clk_pin rise@0.000ns - sys_clk_pin rise@0.000ns)
  Data Path Delay:        0.267ns  (logic 0.164ns (61.526%)  route 0.103ns (38.474%))
  Logic Levels:           0  
  Clock Path Skew:        0.013ns (DCD - SCD - CPR)
    Destination Clock Delay (DCD):    1.945ns
    Source Clock Delay      (SCD):    1.434ns
    Clock Pessimism Removal (CPR):    0.498ns

    Location             Delay type                Incr(ns)  Path(ns)    Netlist Resource(s)
  -------------------------------------------------------------------    -------------------
                         (clock sys_clk_pin rise edge)
                                                      0.000     0.000 r  
    W5                                                0.000     0.000 r  clock (IN)
                         net (fo=0)                   0.000     0.000    clock
    W5                   IBUF (Prop_ibuf_I_O)         0.226     0.226 r  clock_IBUF_inst/O
                         net (fo=1, routed)           0.631     0.858    clock_IBUF
    BUFGCTRL_X0Y0        BUFG (Prop_bufg_I_O)         0.026     0.884 r  clock_IBUF_BUFG_inst/O
                         net (fo=389, routed)         0.551     1.434    FEU/clock_IBUF_BUFG
    SLICE_X42Y23         FDRE                                         r  FEU/fe_match_addr_reg[2]/C
  -------------------------------------------------------------------    -------------------
    SLICE_X42Y23         FDRE (Prop_fdre_C_Q)         0.164     1.598 r  FEU/fe_match_addr_reg[2]/Q
                         net (fo=1, routed)           0.103     1.701    CU/saved_match_addr_reg[8]_0[2]
    SLICE_X40Y23         FDRE                                         r  CU/saved_match_addr_reg[2]/D
  -------------------------------------------------------------------    -------------------

                         (clock sys_clk_pin rise edge)
                                                      0.000     0.000 r  
    W5                                                0.000     0.000 r  clock (IN)
                         net (fo=0)                   0.000     0.000    clock
    W5                   IBUF (Prop_ibuf_I_O)         0.414     0.414 r  clock_IBUF_inst/O
                         net (fo=1, routed)           0.685     1.099    clock_IBUF
    BUFGCTRL_X0Y0        BUFG (Prop_bufg_I_O)         0.029     1.128 r  clock_IBUF_BUFG_inst/O
                         net (fo=389, routed)         0.818     1.945    CU/clock_IBUF_BUFG
    SLICE_X40Y23         FDRE                                         r  CU/saved_match_addr_reg[2]/C
                         clock pessimism             -0.498     1.447    
    SLICE_X40Y23         FDRE (Hold_fdre_C_D)         0.047     1.494    CU/saved_match_addr_reg[2]
  -------------------------------------------------------------------
                         required time                         -1.494    
                         arrival time                           1.701    
  -------------------------------------------------------------------
                         slack                                  0.207    

Slack (MET) :             0.207ns  (arrival time - required time)
  Source:                 FEU/pc_reg[4]/C
                            (rising edge-triggered cell FDRE clocked by sys_clk_pin  {rise@0.000ns fall@5.000ns period=10.000ns})
  Destination:            FEU/mar_reg[4]/D
                            (rising edge-triggered cell FDRE clocked by sys_clk_pin  {rise@0.000ns fall@5.000ns period=10.000ns})
  Path Group:             sys_clk_pin
  Path Type:              Hold (Min at Fast Process Corner)
  Requirement:            0.000ns  (sys_clk_pin rise@0.000ns - sys_clk_pin rise@0.000ns)
  Data Path Delay:        0.290ns  (logic 0.141ns (48.640%)  route 0.149ns (51.360%))
  Logic Levels:           0  
  Clock Path Skew:        0.013ns (DCD - SCD - CPR)
    Destination Clock Delay (DCD):    1.947ns
    Source Clock Delay      (SCD):    1.436ns
    Clock Pessimism Removal (CPR):    0.498ns

    Location             Delay type                Incr(ns)  Path(ns)    Netlist Resource(s)
  -------------------------------------------------------------------    -------------------
                         (clock sys_clk_pin rise edge)
                                                      0.000     0.000 r  
    W5                                                0.000     0.000 r  clock (IN)
                         net (fo=0)                   0.000     0.000    clock
    W5                   IBUF (Prop_ibuf_I_O)         0.226     0.226 r  clock_IBUF_inst/O
                         net (fo=1, routed)           0.631     0.858    clock_IBUF
    BUFGCTRL_X0Y0        BUFG (Prop_bufg_I_O)         0.026     0.884 r  clock_IBUF_BUFG_inst/O
                         net (fo=389, routed)         0.553     1.436    FEU/clock_IBUF_BUFG
    SLICE_X40Y21         FDRE                                         r  FEU/pc_reg[4]/C
  -------------------------------------------------------------------    -------------------
    SLICE_X40Y21         FDRE (Prop_fdre_C_Q)         0.141     1.577 r  FEU/pc_reg[4]/Q
                         net (fo=7, routed)           0.149     1.726    FEU/pc_reg_n_0_[4]
    SLICE_X41Y22         FDRE                                         r  FEU/mar_reg[4]/D
  -------------------------------------------------------------------    -------------------

                         (clock sys_clk_pin rise edge)
                                                      0.000     0.000 r  
    W5                                                0.000     0.000 r  clock (IN)
                         net (fo=0)                   0.000     0.000    clock
    W5                   IBUF (Prop_ibuf_I_O)         0.414     0.414 r  clock_IBUF_inst/O
                         net (fo=1, routed)           0.685     1.099    clock_IBUF
    BUFGCTRL_X0Y0        BUFG (Prop_bufg_I_O)         0.029     1.128 r  clock_IBUF_BUFG_inst/O
                         net (fo=389, routed)         0.820     1.947    FEU/clock_IBUF_BUFG
    SLICE_X41Y22         FDRE                                         r  FEU/mar_reg[4]/C
                         clock pessimism             -0.498     1.449    
    SLICE_X41Y22         FDRE (Hold_fdre_C_D)         0.070     1.519    FEU/mar_reg[4]
  -------------------------------------------------------------------
                         required time                         -1.519    
                         arrival time                           1.726    
  -------------------------------------------------------------------
                         slack                                  0.207    

Slack (MET) :             0.217ns  (arrival time - required time)
  Source:                 ALU_INST/acc_reg_reg[3]/C
                            (rising edge-triggered cell FDRE clocked by sys_clk_pin  {rise@0.000ns fall@5.000ns period=10.000ns})
  Destination:            CU/result_value_reg[3]/D
                            (rising edge-triggered cell FDRE clocked by sys_clk_pin  {rise@0.000ns fall@5.000ns period=10.000ns})
  Path Group:             sys_clk_pin
  Path Type:              Hold (Min at Fast Process Corner)
  Requirement:            0.000ns  (sys_clk_pin rise@0.000ns - sys_clk_pin rise@0.000ns)
  Data Path Delay:        0.319ns  (logic 0.141ns (44.137%)  route 0.178ns (55.863%))
  Logic Levels:           0  
  Clock Path Skew:        0.032ns (DCD - SCD - CPR)
    Destination Clock Delay (DCD):    1.944ns
    Source Clock Delay      (SCD):    1.434ns
    Clock Pessimism Removal (CPR):    0.478ns

    Location             Delay type                Incr(ns)  Path(ns)    Netlist Resource(s)
  -------------------------------------------------------------------    -------------------
                         (clock sys_clk_pin rise edge)
                                                      0.000     0.000 r  
    W5                                                0.000     0.000 r  clock (IN)
                         net (fo=0)                   0.000     0.000    clock
    W5                   IBUF (Prop_ibuf_I_O)         0.226     0.226 r  clock_IBUF_inst/O
                         net (fo=1, routed)           0.631     0.858    clock_IBUF
    BUFGCTRL_X0Y0        BUFG (Prop_bufg_I_O)         0.026     0.884 r  clock_IBUF_BUFG_inst/O
                         net (fo=389, routed)         0.551     1.434    ALU_INST/clock_IBUF_BUFG
    SLICE_X40Y26         FDRE                                         r  ALU_INST/acc_reg_reg[3]/C
  -------------------------------------------------------------------    -------------------
    SLICE_X40Y26         FDRE (Prop_fdre_C_Q)         0.141     1.575 r  ALU_INST/acc_reg_reg[3]/Q
                         net (fo=7, routed)           0.178     1.754    CU/state_reg[0]_3[3]
    SLICE_X36Y26         FDRE                                         r  CU/result_value_reg[3]/D
  -------------------------------------------------------------------    -------------------

                         (clock sys_clk_pin rise edge)
                                                      0.000     0.000 r  
    W5                                                0.000     0.000 r  clock (IN)
                         net (fo=0)                   0.000     0.000    clock
    W5                   IBUF (Prop_ibuf_I_O)         0.414     0.414 r  clock_IBUF_inst/O
                         net (fo=1, routed)           0.685     1.099    clock_IBUF
    BUFGCTRL_X0Y0        BUFG (Prop_bufg_I_O)         0.029     1.128 r  clock_IBUF_BUFG_inst/O
                         net (fo=389, routed)         0.817     1.944    CU/clock_IBUF_BUFG
    SLICE_X36Y26         FDRE                                         r  CU/result_value_reg[3]/C
                         clock pessimism             -0.478     1.466    
    SLICE_X36Y26         FDRE (Hold_fdre_C_D)         0.070     1.536    CU/result_value_reg[3]
  -------------------------------------------------------------------
                         required time                         -1.536    
                         arrival time                           1.754    
  -------------------------------------------------------------------
                         slack                                  0.217    

Slack (MET) :             0.221ns  (arrival time - required time)
  Source:                 FEU/pc_reg[0]/C
                            (rising edge-triggered cell FDRE clocked by sys_clk_pin  {rise@0.000ns fall@5.000ns period=10.000ns})
  Destination:            FEU/mar_reg[0]/D
                            (rising edge-triggered cell FDRE clocked by sys_clk_pin  {rise@0.000ns fall@5.000ns period=10.000ns})
  Path Group:             sys_clk_pin
  Path Type:              Hold (Min at Fast Process Corner)
  Requirement:            0.000ns  (sys_clk_pin rise@0.000ns - sys_clk_pin rise@0.000ns)
  Data Path Delay:        0.302ns  (logic 0.141ns (46.715%)  route 0.161ns (53.285%))
  Logic Levels:           0  
  Clock Path Skew:        0.011ns (DCD - SCD - CPR)
    Destination Clock Delay (DCD):    1.945ns
    Source Clock Delay      (SCD):    1.436ns
    Clock Pessimism Removal (CPR):    0.498ns

    Location             Delay type                Incr(ns)  Path(ns)    Netlist Resource(s)
  -------------------------------------------------------------------    -------------------
                         (clock sys_clk_pin rise edge)
                                                      0.000     0.000 r  
    W5                                                0.000     0.000 r  clock (IN)
                         net (fo=0)                   0.000     0.000    clock
    W5                   IBUF (Prop_ibuf_I_O)         0.226     0.226 r  clock_IBUF_inst/O
                         net (fo=1, routed)           0.631     0.858    clock_IBUF
    BUFGCTRL_X0Y0        BUFG (Prop_bufg_I_O)         0.026     0.884 r  clock_IBUF_BUFG_inst/O
                         net (fo=389, routed)         0.553     1.436    FEU/clock_IBUF_BUFG
    SLICE_X41Y21         FDRE                                         r  FEU/pc_reg[0]/C
  -------------------------------------------------------------------    -------------------
    SLICE_X41Y21         FDRE (Prop_fdre_C_Q)         0.141     1.577 r  FEU/pc_reg[0]/Q
                         net (fo=10, routed)          0.161     1.738    FEU/Q[0]
    SLICE_X41Y23         FDRE                                         r  FEU/mar_reg[0]/D
  -------------------------------------------------------------------    -------------------

                         (clock sys_clk_pin rise edge)
                                                      0.000     0.000 r  
    W5                                                0.000     0.000 r  clock (IN)
                         net (fo=0)                   0.000     0.000    clock
    W5                   IBUF (Prop_ibuf_I_O)         0.414     0.414 r  clock_IBUF_inst/O
                         net (fo=1, routed)           0.685     1.099    clock_IBUF
    BUFGCTRL_X0Y0        BUFG (Prop_bufg_I_O)         0.029     1.128 r  clock_IBUF_BUFG_inst/O
                         net (fo=389, routed)         0.818     1.945    FEU/clock_IBUF_BUFG
    SLICE_X41Y23         FDRE                                         r  FEU/mar_reg[0]/C
                         clock pessimism             -0.498     1.447    
    SLICE_X41Y23         FDRE (Hold_fdre_C_D)         0.070     1.517    FEU/mar_reg[0]
  -------------------------------------------------------------------
                         required time                         -1.517    
                         arrival time                           1.738    
  -------------------------------------------------------------------
                         slack                                  0.221    

Slack (MET) :             0.223ns  (arrival time - required time)
  Source:                 FEU/FSM_sequential_state_reg[1]/C
                            (rising edge-triggered cell FDRE clocked by sys_clk_pin  {rise@0.000ns fall@5.000ns period=10.000ns})
  Destination:            FEU/FSM_sequential_state_reg[0]/D
                            (rising edge-triggered cell FDRE clocked by sys_clk_pin  {rise@0.000ns fall@5.000ns period=10.000ns})
  Path Group:             sys_clk_pin
  Path Type:              Hold (Min at Fast Process Corner)
  Requirement:            0.000ns  (sys_clk_pin rise@0.000ns - sys_clk_pin rise@0.000ns)
  Data Path Delay:        0.328ns  (logic 0.209ns (63.795%)  route 0.119ns (36.205%))
  Logic Levels:           1  (LUT6=1)
  Clock Path Skew:        0.013ns (DCD - SCD - CPR)
    Destination Clock Delay (DCD):    1.943ns
    Source Clock Delay      (SCD):    1.433ns
    Clock Pessimism Removal (CPR):    0.497ns

    Location             Delay type                Incr(ns)  Path(ns)    Netlist Resource(s)
  -------------------------------------------------------------------    -------------------
                         (clock sys_clk_pin rise edge)
                                                      0.000     0.000 r  
    W5                                                0.000     0.000 r  clock (IN)
                         net (fo=0)                   0.000     0.000    clock
    W5                   IBUF (Prop_ibuf_I_O)         0.226     0.226 r  clock_IBUF_inst/O
                         net (fo=1, routed)           0.631     0.858    clock_IBUF
    BUFGCTRL_X0Y0        BUFG (Prop_bufg_I_O)         0.026     0.884 r  clock_IBUF_BUFG_inst/O
                         net (fo=389, routed)         0.550     1.433    FEU/clock_IBUF_BUFG
    SLICE_X38Y24         FDRE                                         r  FEU/FSM_sequential_state_reg[1]/C
  -------------------------------------------------------------------    -------------------
    SLICE_X38Y24         FDRE (Prop_fdre_C_Q)         0.164     1.597 r  FEU/FSM_sequential_state_reg[1]/Q
                         net (fo=57, routed)          0.119     1.716    FEU/FSM_sequential_state_reg[3]_0[1]
    SLICE_X39Y24         LUT6 (Prop_lut6_I2_O)        0.045     1.761 r  FEU/FSM_sequential_state[0]_i_1/O
                         net (fo=1, routed)           0.000     1.761    FEU/FSM_sequential_state[0]_i_1_n_0
    SLICE_X39Y24         FDRE                                         r  FEU/FSM_sequential_state_reg[0]/D
  -------------------------------------------------------------------    -------------------

                         (clock sys_clk_pin rise edge)
                                                      0.000     0.000 r  
    W5                                                0.000     0.000 r  clock (IN)
                         net (fo=0)                   0.000     0.000    clock
    W5                   IBUF (Prop_ibuf_I_O)         0.414     0.414 r  clock_IBUF_inst/O
                         net (fo=1, routed)           0.685     1.099    clock_IBUF
    BUFGCTRL_X0Y0        BUFG (Prop_bufg_I_O)         0.029     1.128 r  clock_IBUF_BUFG_inst/O
                         net (fo=389, routed)         0.816     1.943    FEU/clock_IBUF_BUFG
    SLICE_X39Y24         FDRE                                         r  FEU/FSM_sequential_state_reg[0]/C
                         clock pessimism             -0.497     1.446    
    SLICE_X39Y24         FDRE (Hold_fdre_C_D)         0.092     1.538    FEU/FSM_sequential_state_reg[0]
  -------------------------------------------------------------------
                         required time                         -1.538    
                         arrival time                           1.761    
  -------------------------------------------------------------------
                         slack                                  0.223    





Pulse Width Checks
--------------------------------------------------------------------------------------
Clock Name:         sys_clk_pin
Waveform(ns):       { 0.000 5.000 }
Period(ns):         10.000
Sources:            { clock }

Check Type        Corner  Lib Pin             Reference Pin  Required(ns)  Actual(ns)  Slack(ns)  Location       Pin
Min Period        n/a     RAMB18E1/CLKARDCLK  n/a            2.944         10.000      7.056      RAMB18_X1Y10   MEM/mem_reg/CLKARDCLK
Min Period        n/a     RAMB18E1/CLKBWRCLK  n/a            2.944         10.000      7.056      RAMB18_X1Y10   MEM/mem_reg/CLKBWRCLK
Min Period        n/a     BUFG/I              n/a            2.155         10.000      7.845      BUFGCTRL_X0Y0  clock_IBUF_BUFG_inst/I
Min Period        n/a     FDRE/C              n/a            1.000         10.000      9.000      SLICE_X45Y30   btnc_db_counter_reg[0]/C
Min Period        n/a     FDRE/C              n/a            1.000         10.000      9.000      SLICE_X45Y32   btnc_db_counter_reg[10]/C
Min Period        n/a     FDRE/C              n/a            1.000         10.000      9.000      SLICE_X45Y32   btnc_db_counter_reg[11]/C
Min Period        n/a     FDRE/C              n/a            1.000         10.000      9.000      SLICE_X45Y33   btnc_db_counter_reg[12]/C
Min Period        n/a     FDRE/C              n/a            1.000         10.000      9.000      SLICE_X45Y33   btnc_db_counter_reg[13]/C
Min Period        n/a     FDRE/C              n/a            1.000         10.000      9.000      SLICE_X45Y33   btnc_db_counter_reg[14]/C
Min Period        n/a     FDRE/C              n/a            1.000         10.000      9.000      SLICE_X45Y33   btnc_db_counter_reg[15]/C
Low Pulse Width   Slow    FDRE/C              n/a            0.500         5.000       4.500      SLICE_X45Y30   btnc_db_counter_reg[0]/C
Low Pulse Width   Fast    FDRE/C              n/a            0.500         5.000       4.500      SLICE_X45Y30   btnc_db_counter_reg[0]/C
Low Pulse Width   Slow    FDRE/C              n/a            0.500         5.000       4.500      SLICE_X45Y32   btnc_db_counter_reg[10]/C
Low Pulse Width   Fast    FDRE/C              n/a            0.500         5.000       4.500      SLICE_X45Y32   btnc_db_counter_reg[10]/C
Low Pulse Width   Slow    FDRE/C              n/a            0.500         5.000       4.500      SLICE_X45Y32   btnc_db_counter_reg[11]/C
Low Pulse Width   Fast    FDRE/C              n/a            0.500         5.000       4.500      SLICE_X45Y32   btnc_db_counter_reg[11]/C
Low Pulse Width   Slow    FDRE/C              n/a            0.500         5.000       4.500      SLICE_X45Y33   btnc_db_counter_reg[12]/C
Low Pulse Width   Fast    FDRE/C              n/a            0.500         5.000       4.500      SLICE_X45Y33   btnc_db_counter_reg[12]/C
Low Pulse Width   Slow    FDRE/C              n/a            0.500         5.000       4.500      SLICE_X45Y33   btnc_db_counter_reg[13]/C
Low Pulse Width   Fast    FDRE/C              n/a            0.500         5.000       4.500      SLICE_X45Y33   btnc_db_counter_reg[13]/C
High Pulse Width  Slow    FDRE/C              n/a            0.500         5.000       4.500      SLICE_X45Y30   btnc_db_counter_reg[0]/C
High Pulse Width  Fast    FDRE/C              n/a            0.500         5.000       4.500      SLICE_X45Y30   btnc_db_counter_reg[0]/C
High Pulse Width  Slow    FDRE/C              n/a            0.500         5.000       4.500      SLICE_X45Y32   btnc_db_counter_reg[10]/C
High Pulse Width  Fast    FDRE/C              n/a            0.500         5.000       4.500      SLICE_X45Y32   btnc_db_counter_reg[10]/C
High Pulse Width  Slow    FDRE/C              n/a            0.500         5.000       4.500      SLICE_X45Y32   btnc_db_counter_reg[11]/C
High Pulse Width  Fast    FDRE/C              n/a            0.500         5.000       4.500      SLICE_X45Y32   btnc_db_counter_reg[11]/C
High Pulse Width  Slow    FDRE/C              n/a            0.500         5.000       4.500      SLICE_X45Y33   btnc_db_counter_reg[12]/C
High Pulse Width  Fast    FDRE/C              n/a            0.500         5.000       4.500      SLICE_X45Y33   btnc_db_counter_reg[12]/C
High Pulse Width  Slow    FDRE/C              n/a            0.500         5.000       4.500      SLICE_X45Y33   btnc_db_counter_reg[13]/C
High Pulse Width  Fast    FDRE/C              n/a            0.500         5.000       4.500      SLICE_X45Y33   btnc_db_counter_reg[13]/C



--------------------------------------------------------------------------------------
Path Group:  (none)
From Clock:  
  To Clock:  

Max Delay             7 Endpoints
Min Delay             7 Endpoints
--------------------------------------------------------------------------------------


Max Delay Paths
--------------------------------------------------------------------------------------
Slack:                    inf
  Source:                 switches[3]
                            (input port)
  Destination:            seg[2]
                            (output port)
  Path Group:             (none)
  Path Type:              Max at Slow Process Corner
  Data Path Delay:        14.696ns  (logic 5.832ns (39.682%)  route 8.864ns (60.318%))
  Logic Levels:           7  (IBUF=1 LUT4=1 LUT5=1 LUT6=3 OBUF=1)

    Location             Delay type                Incr(ns)  Path(ns)    Netlist Resource(s)
  -------------------------------------------------------------------    -------------------
    W17                                               0.000     0.000 f  switches[3] (IN)
                         net (fo=0)                   0.000     0.000    switches[3]
    W17                  IBUF (Prop_ibuf_I_O)         1.448     1.448 f  switches_IBUF[3]_inst/O
                         net (fo=2, routed)           2.753     4.202    CU/D[3]
    SLICE_X36Y27         LUT5 (Prop_lut5_I4_O)        0.124     4.326 r  CU/seg_OBUF[5]_inst_i_34/O
                         net (fo=1, routed)           1.013     5.339    CU/seg_OBUF[5]_inst_i_34_n_0
    SLICE_X39Y31         LUT6 (Prop_lut6_I1_O)        0.124     5.463 r  CU/seg_OBUF[5]_inst_i_11/O
                         net (fo=1, routed)           0.776     6.239    CU/seg_OBUF[5]_inst_i_11_n_0
    SLICE_X43Y31         LUT6 (Prop_lut6_I0_O)        0.124     6.363 r  CU/seg_OBUF[5]_inst_i_3/O
                         net (fo=7, routed)           0.882     7.245    CU/seg_OBUF[5]_inst_i_3_n_0
    SLICE_X44Y31         LUT4 (Prop_lut4_I0_O)        0.150     7.395 f  CU/seg_OBUF[2]_inst_i_2/O
                         net (fo=1, routed)           0.832     8.227    CU/seg_OBUF[2]_inst_i_2_n_0
    SLICE_X44Y29         LUT6 (Prop_lut6_I0_O)        0.326     8.553 r  CU/seg_OBUF[2]_inst_i_1/O
                         net (fo=1, routed)           2.607    11.161    seg_OBUF[2]
    U8                   OBUF (Prop_obuf_I_O)         3.535    14.696 r  seg_OBUF[2]_inst/O
                         net (fo=0)                   0.000    14.696    seg[2]
    U8                                                                r  seg[2] (OUT)
  -------------------------------------------------------------------    -------------------

Slack:                    inf
  Source:                 switches[5]
                            (input port)
  Destination:            seg[4]
                            (output port)
  Path Group:             (none)
  Path Type:              Max at Slow Process Corner
  Data Path Delay:        14.301ns  (logic 5.834ns (40.793%)  route 8.467ns (59.207%))
  Logic Levels:           7  (IBUF=1 LUT2=1 LUT6=4 OBUF=1)

    Location             Delay type                Incr(ns)  Path(ns)    Netlist Resource(s)
  -------------------------------------------------------------------    -------------------
    V15                                               0.000     0.000 f  switches[5] (IN)
                         net (fo=0)                   0.000     0.000    switches[5]
    V15                  IBUF (Prop_ibuf_I_O)         1.466     1.466 f  switches_IBUF[5]_inst/O
                         net (fo=2, routed)           2.788     4.254    CU/D[5]
    SLICE_X36Y26         LUT6 (Prop_lut6_I5_O)        0.124     4.378 r  CU/seg_OBUF[5]_inst_i_47/O
                         net (fo=1, routed)           0.975     5.353    CU/seg_OBUF[5]_inst_i_47_n_0
    SLICE_X39Y29         LUT6 (Prop_lut6_I5_O)        0.124     5.477 f  CU/seg_OBUF[5]_inst_i_21/O
                         net (fo=1, routed)           0.461     5.939    CU/seg_OBUF[5]_inst_i_21_n_0
    SLICE_X39Y30         LUT6 (Prop_lut6_I1_O)        0.124     6.063 f  CU/seg_OBUF[5]_inst_i_5/O
                         net (fo=8, routed)           0.836     6.898    CU/seg_OBUF[5]_inst_i_5_n_0
    SLICE_X42Y31         LUT2 (Prop_lut2_I1_O)        0.148     7.046 r  CU/seg_OBUF[4]_inst_i_3/O
                         net (fo=1, routed)           0.452     7.498    CU/seg_OBUF[4]_inst_i_3_n_0
    SLICE_X42Y31         LUT6 (Prop_lut6_I1_O)        0.328     7.826 r  CU/seg_OBUF[4]_inst_i_1/O
                         net (fo=1, routed)           2.955    10.781    seg_OBUF[4]
    U5                   OBUF (Prop_obuf_I_O)         3.520    14.301 r  seg_OBUF[4]_inst/O
                         net (fo=0)                   0.000    14.301    seg[4]
    U5                                                                r  seg[4] (OUT)
  -------------------------------------------------------------------    -------------------

Slack:                    inf
  Source:                 switches[3]
                            (input port)
  Destination:            seg[6]
                            (output port)
  Path Group:             (none)
  Path Type:              Max at Slow Process Corner
  Data Path Delay:        14.188ns  (logic 5.600ns (39.471%)  route 8.588ns (60.529%))
  Logic Levels:           7  (IBUF=1 LUT5=1 LUT6=4 OBUF=1)

    Location             Delay type                Incr(ns)  Path(ns)    Netlist Resource(s)
  -------------------------------------------------------------------    -------------------
    W17                                               0.000     0.000 f  switches[3] (IN)
                         net (fo=0)                   0.000     0.000    switches[3]
    W17                  IBUF (Prop_ibuf_I_O)         1.448     1.448 f  switches_IBUF[3]_inst/O
                         net (fo=2, routed)           2.753     4.202    CU/D[3]
    SLICE_X36Y27         LUT5 (Prop_lut5_I4_O)        0.124     4.326 r  CU/seg_OBUF[5]_inst_i_34/O
                         net (fo=1, routed)           1.013     5.339    CU/seg_OBUF[5]_inst_i_34_n_0
    SLICE_X39Y31         LUT6 (Prop_lut6_I1_O)        0.124     5.463 r  CU/seg_OBUF[5]_inst_i_11/O
                         net (fo=1, routed)           0.776     6.239    CU/seg_OBUF[5]_inst_i_11_n_0
    SLICE_X43Y31         LUT6 (Prop_lut6_I0_O)        0.124     6.363 r  CU/seg_OBUF[5]_inst_i_3/O
                         net (fo=7, routed)           0.761     7.124    CU/seg_OBUF[5]_inst_i_3_n_0
    SLICE_X44Y29         LUT6 (Prop_lut6_I1_O)        0.124     7.248 f  CU/seg_OBUF[6]_inst_i_2/O
                         net (fo=1, routed)           0.280     7.527    CU/seg_OBUF[6]_inst_i_2_n_0
    SLICE_X44Y29         LUT6 (Prop_lut6_I0_O)        0.124     7.651 r  CU/seg_OBUF[6]_inst_i_1/O
                         net (fo=1, routed)           3.005    10.656    seg_OBUF[6]
    U7                   OBUF (Prop_obuf_I_O)         3.531    14.188 r  seg_OBUF[6]_inst/O
                         net (fo=0)                   0.000    14.188    seg[6]
    U7                                                                r  seg[6] (OUT)
  -------------------------------------------------------------------    -------------------

Slack:                    inf
  Source:                 switches[8]
                            (input port)
  Destination:            seg[3]
                            (output port)
  Path Group:             (none)
  Path Type:              Max at Slow Process Corner
  Data Path Delay:        13.926ns  (logic 5.703ns (40.953%)  route 8.223ns (59.047%))
  Logic Levels:           6  (IBUF=1 LUT5=2 LUT6=2 OBUF=1)

    Location             Delay type                Incr(ns)  Path(ns)    Netlist Resource(s)
  -------------------------------------------------------------------    -------------------
    V2                                                0.000     0.000 r  switches[8] (IN)
                         net (fo=0)                   0.000     0.000    switches[8]
    V2                   IBUF (Prop_ibuf_I_O)         1.454     1.454 r  switches_IBUF[8]_inst/O
                         net (fo=2, routed)           2.101     3.556    CU/D[8]
    SLICE_X42Y31         LUT5 (Prop_lut5_I0_O)        0.117     3.673 f  CU/seg_OBUF[5]_inst_i_26/O
                         net (fo=1, routed)           0.961     4.634    CU/seg_OBUF[5]_inst_i_26_n_0
    SLICE_X39Y30         LUT5 (Prop_lut5_I2_O)        0.348     4.982 f  CU/seg_OBUF[5]_inst_i_7/O
                         net (fo=1, routed)           0.867     5.849    CU/seg_OBUF[5]_inst_i_7_n_0
    SLICE_X38Y30         LUT6 (Prop_lut6_I0_O)        0.124     5.973 r  CU/seg_OBUF[5]_inst_i_2/O
                         net (fo=7, routed)           1.496     7.469    CU/seg_OBUF[5]_inst_i_2_n_0
    SLICE_X43Y31         LUT6 (Prop_lut6_I5_O)        0.124     7.593 r  CU/seg_OBUF[3]_inst_i_1/O
                         net (fo=1, routed)           2.797    10.390    seg_OBUF[3]
    V8                   OBUF (Prop_obuf_I_O)         3.536    13.926 r  seg_OBUF[3]_inst/O
                         net (fo=0)                   0.000    13.926    seg[3]
    V8                                                                r  seg[3] (OUT)
  -------------------------------------------------------------------    -------------------

Slack:                    inf
  Source:                 switches[3]
                            (input port)
  Destination:            seg[0]
                            (output port)
  Path Group:             (none)
  Path Type:              Max at Slow Process Corner
  Data Path Delay:        13.627ns  (logic 5.455ns (40.032%)  route 8.172ns (59.968%))
  Logic Levels:           6  (IBUF=1 LUT5=2 LUT6=2 OBUF=1)

    Location             Delay type                Incr(ns)  Path(ns)    Netlist Resource(s)
  -------------------------------------------------------------------    -------------------
    W17                                               0.000     0.000 f  switches[3] (IN)
                         net (fo=0)                   0.000     0.000    switches[3]
    W17                  IBUF (Prop_ibuf_I_O)         1.448     1.448 f  switches_IBUF[3]_inst/O
                         net (fo=2, routed)           2.753     4.202    CU/D[3]
    SLICE_X36Y27         LUT5 (Prop_lut5_I4_O)        0.124     4.326 r  CU/seg_OBUF[5]_inst_i_34/O
                         net (fo=1, routed)           1.013     5.339    CU/seg_OBUF[5]_inst_i_34_n_0
    SLICE_X39Y31         LUT6 (Prop_lut6_I1_O)        0.124     5.463 r  CU/seg_OBUF[5]_inst_i_11/O
                         net (fo=1, routed)           0.776     6.239    CU/seg_OBUF[5]_inst_i_11_n_0
    SLICE_X43Y31         LUT6 (Prop_lut6_I0_O)        0.124     6.363 r  CU/seg_OBUF[5]_inst_i_3/O
                         net (fo=7, routed)           0.882     7.245    CU/seg_OBUF[5]_inst_i_3_n_0
    SLICE_X44Y31         LUT5 (Prop_lut5_I3_O)        0.124     7.369 r  CU/seg_OBUF[0]_inst_i_1/O
                         net (fo=1, routed)           2.747    10.116    seg_OBUF[0]
    W7                   OBUF (Prop_obuf_I_O)         3.511    13.627 r  seg_OBUF[0]_inst/O
                         net (fo=0)                   0.000    13.627    seg[0]
    W7                                                                r  seg[0] (OUT)
  -------------------------------------------------------------------    -------------------

Slack:                    inf
  Source:                 switches[8]
                            (input port)
  Destination:            seg[5]
                            (output port)
  Path Group:             (none)
  Path Type:              Max at Slow Process Corner
  Data Path Delay:        13.567ns  (logic 5.672ns (41.808%)  route 7.895ns (58.192%))
  Logic Levels:           6  (IBUF=1 LUT5=2 LUT6=2 OBUF=1)

    Location             Delay type                Incr(ns)  Path(ns)    Netlist Resource(s)
  -------------------------------------------------------------------    -------------------
    V2                                                0.000     0.000 r  switches[8] (IN)
                         net (fo=0)                   0.000     0.000    switches[8]
    V2                   IBUF (Prop_ibuf_I_O)         1.454     1.454 r  switches_IBUF[8]_inst/O
                         net (fo=2, routed)           2.101     3.556    CU/D[8]
    SLICE_X42Y31         LUT5 (Prop_lut5_I0_O)        0.117     3.673 f  CU/seg_OBUF[5]_inst_i_26/O
                         net (fo=1, routed)           0.961     4.634    CU/seg_OBUF[5]_inst_i_26_n_0
    SLICE_X39Y30         LUT5 (Prop_lut5_I2_O)        0.348     4.982 f  CU/seg_OBUF[5]_inst_i_7/O
                         net (fo=1, routed)           0.867     5.849    CU/seg_OBUF[5]_inst_i_7_n_0
    SLICE_X38Y30         LUT6 (Prop_lut6_I0_O)        0.124     5.973 r  CU/seg_OBUF[5]_inst_i_2/O
                         net (fo=7, routed)           1.147     7.120    CU/seg_OBUF[5]_inst_i_2_n_0
    SLICE_X44Y31         LUT6 (Prop_lut6_I0_O)        0.124     7.244 r  CU/seg_OBUF[5]_inst_i_1/O
                         net (fo=1, routed)           2.818    10.062    seg_OBUF[5]
    V5                   OBUF (Prop_obuf_I_O)         3.504    13.567 r  seg_OBUF[5]_inst/O
                         net (fo=0)                   0.000    13.567    seg[5]
    V5                                                                r  seg[5] (OUT)
  -------------------------------------------------------------------    -------------------

Slack:                    inf
  Source:                 switches[5]
                            (input port)
  Destination:            seg[1]
                            (output port)
  Path Group:             (none)
  Path Type:              Max at Slow Process Corner
  Data Path Delay:        13.450ns  (logic 5.491ns (40.826%)  route 7.959ns (59.174%))
  Logic Levels:           6  (IBUF=1 LUT6=4 OBUF=1)

    Location             Delay type                Incr(ns)  Path(ns)    Netlist Resource(s)
  -------------------------------------------------------------------    -------------------
    V15                                               0.000     0.000 r  switches[5] (IN)
                         net (fo=0)                   0.000     0.000    switches[5]
    V15                  IBUF (Prop_ibuf_I_O)         1.466     1.466 r  switches_IBUF[5]_inst/O
                         net (fo=2, routed)           2.788     4.254    CU/D[5]
    SLICE_X36Y26         LUT6 (Prop_lut6_I5_O)        0.124     4.378 f  CU/seg_OBUF[5]_inst_i_47/O
                         net (fo=1, routed)           0.975     5.353    CU/seg_OBUF[5]_inst_i_47_n_0
    SLICE_X39Y29         LUT6 (Prop_lut6_I5_O)        0.124     5.477 r  CU/seg_OBUF[5]_inst_i_21/O
                         net (fo=1, routed)           0.461     5.939    CU/seg_OBUF[5]_inst_i_21_n_0
    SLICE_X39Y30         LUT6 (Prop_lut6_I1_O)        0.124     6.063 r  CU/seg_OBUF[5]_inst_i_5/O
                         net (fo=8, routed)           1.127     7.190    CU/seg_OBUF[5]_inst_i_5_n_0
    SLICE_X44Y30         LUT6 (Prop_lut6_I4_O)        0.124     7.314 r  CU/seg_OBUF[1]_inst_i_1/O
                         net (fo=1, routed)           2.607     9.921    seg_OBUF[1]
    W6                   OBUF (Prop_obuf_I_O)         3.529    13.450 r  seg_OBUF[1]_inst/O
                         net (fo=0)                   0.000    13.450    seg[1]
    W6                                                                r  seg[1] (OUT)
  -------------------------------------------------------------------    -------------------





Min Delay Paths
--------------------------------------------------------------------------------------
Slack:                    inf
  Source:                 switches[15]
                            (input port)
  Destination:            seg[1]
                            (output port)
  Path Group:             (none)
  Path Type:              Min at Fast Process Corner
  Data Path Delay:        3.868ns  (logic 1.589ns (41.085%)  route 2.279ns (58.915%))
  Logic Levels:           5  (IBUF=1 LUT6=3 OBUF=1)

    Location             Delay type                Incr(ns)  Path(ns)    Netlist Resource(s)
  -------------------------------------------------------------------    -------------------
    R2                                                0.000     0.000 f  switches[15] (IN)
                         net (fo=0)                   0.000     0.000    switches[15]
    R2                   IBUF (Prop_ibuf_I_O)         0.224     0.224 f  switches_IBUF[15]_inst/O
                         net (fo=2, routed)           1.109     1.333    CU/D[15]
    SLICE_X43Y31         LUT6 (Prop_lut6_I5_O)        0.045     1.378 r  CU/seg_OBUF[5]_inst_i_13/O
                         net (fo=1, routed)           0.137     1.515    CU/seg_OBUF[5]_inst_i_13_n_0
    SLICE_X43Y31         LUT6 (Prop_lut6_I2_O)        0.045     1.560 r  CU/seg_OBUF[5]_inst_i_3/O
                         net (fo=7, routed)           0.219     1.779    CU/seg_OBUF[5]_inst_i_3_n_0
    SLICE_X44Y30         LUT6 (Prop_lut6_I2_O)        0.045     1.824 r  CU/seg_OBUF[1]_inst_i_1/O
                         net (fo=1, routed)           0.814     2.638    seg_OBUF[1]
    W6                   OBUF (Prop_obuf_I_O)         1.230     3.868 r  seg_OBUF[1]_inst/O
                         net (fo=0)                   0.000     3.868    seg[1]
    W6                                                                r  seg[1] (OUT)
  -------------------------------------------------------------------    -------------------

Slack:                    inf
  Source:                 switches[13]
                            (input port)
  Destination:            seg[5]
                            (output port)
  Path Group:             (none)
  Path Type:              Min at Fast Process Corner
  Data Path Delay:        3.938ns  (logic 1.562ns (39.658%)  route 2.376ns (60.342%))
  Logic Levels:           5  (IBUF=1 LUT6=3 OBUF=1)

    Location             Delay type                Incr(ns)  Path(ns)    Netlist Resource(s)
  -------------------------------------------------------------------    -------------------
    U1                                                0.000     0.000 r  switches[13] (IN)
                         net (fo=0)                   0.000     0.000    switches[13]
    U1                   IBUF (Prop_ibuf_I_O)         0.221     0.221 r  switches_IBUF[13]_inst/O
                         net (fo=2, routed)           0.966     1.187    CU/D[13]
    SLICE_X39Y31         LUT6 (Prop_lut6_I1_O)        0.045     1.232 r  CU/seg_OBUF[5]_inst_i_20/O
                         net (fo=1, routed)           0.216     1.448    CU/seg_OBUF[5]_inst_i_20_n_0
    SLICE_X39Y30         LUT6 (Prop_lut6_I0_O)        0.045     1.493 r  CU/seg_OBUF[5]_inst_i_5/O
                         net (fo=8, routed)           0.269     1.762    CU/seg_OBUF[5]_inst_i_5_n_0
    SLICE_X44Y31         LUT6 (Prop_lut6_I3_O)        0.045     1.807 r  CU/seg_OBUF[5]_inst_i_1/O
                         net (fo=1, routed)           0.925     2.732    seg_OBUF[5]
    V5                   OBUF (Prop_obuf_I_O)         1.206     3.938 r  seg_OBUF[5]_inst/O
                         net (fo=0)                   0.000     3.938    seg[5]
    V5                                                                r  seg[5] (OUT)
  -------------------------------------------------------------------    -------------------

Slack:                    inf
  Source:                 switches[13]
                            (input port)
  Destination:            seg[3]
                            (output port)
  Path Group:             (none)
  Path Type:              Min at Fast Process Corner
  Data Path Delay:        3.957ns  (logic 1.592ns (40.240%)  route 2.365ns (59.760%))
  Logic Levels:           5  (IBUF=1 LUT6=3 OBUF=1)

    Location             Delay type                Incr(ns)  Path(ns)    Netlist Resource(s)
  -------------------------------------------------------------------    -------------------
    U1                                                0.000     0.000 r  switches[13] (IN)
                         net (fo=0)                   0.000     0.000    switches[13]
    U1                   IBUF (Prop_ibuf_I_O)         0.221     0.221 r  switches_IBUF[13]_inst/O
                         net (fo=2, routed)           0.966     1.187    CU/D[13]
    SLICE_X39Y31         LUT6 (Prop_lut6_I1_O)        0.045     1.232 r  CU/seg_OBUF[5]_inst_i_20/O
                         net (fo=1, routed)           0.216     1.448    CU/seg_OBUF[5]_inst_i_20_n_0
    SLICE_X39Y30         LUT6 (Prop_lut6_I0_O)        0.045     1.493 r  CU/seg_OBUF[5]_inst_i_5/O
                         net (fo=8, routed)           0.276     1.769    CU/seg_OBUF[5]_inst_i_5_n_0
    SLICE_X43Y31         LUT6 (Prop_lut6_I4_O)        0.045     1.814 r  CU/seg_OBUF[3]_inst_i_1/O
                         net (fo=1, routed)           0.907     2.721    seg_OBUF[3]
    V8                   OBUF (Prop_obuf_I_O)         1.236     3.957 r  seg_OBUF[3]_inst/O
                         net (fo=0)                   0.000     3.957    seg[3]
    V8                                                                r  seg[3] (OUT)
  -------------------------------------------------------------------    -------------------

Slack:                    inf
  Source:                 switches[13]
                            (input port)
  Destination:            seg[0]
                            (output port)
  Path Group:             (none)
  Path Type:              Min at Fast Process Corner
  Data Path Delay:        3.973ns  (logic 1.568ns (39.465%)  route 2.405ns (60.535%))
  Logic Levels:           5  (IBUF=1 LUT5=1 LUT6=2 OBUF=1)

    Location             Delay type                Incr(ns)  Path(ns)    Netlist Resource(s)
  -------------------------------------------------------------------    -------------------
    U1                                                0.000     0.000 r  switches[13] (IN)
                         net (fo=0)                   0.000     0.000    switches[13]
    U1                   IBUF (Prop_ibuf_I_O)         0.221     0.221 r  switches_IBUF[13]_inst/O
                         net (fo=2, routed)           0.966     1.187    CU/D[13]
    SLICE_X39Y31         LUT6 (Prop_lut6_I1_O)        0.045     1.232 r  CU/seg_OBUF[5]_inst_i_20/O
                         net (fo=1, routed)           0.216     1.448    CU/seg_OBUF[5]_inst_i_20_n_0
    SLICE_X39Y30         LUT6 (Prop_lut6_I0_O)        0.045     1.493 r  CU/seg_OBUF[5]_inst_i_5/O
                         net (fo=8, routed)           0.356     1.850    CU/seg_OBUF[5]_inst_i_5_n_0
    SLICE_X44Y31         LUT5 (Prop_lut5_I0_O)        0.045     1.895 r  CU/seg_OBUF[0]_inst_i_1/O
                         net (fo=1, routed)           0.866     2.761    seg_OBUF[0]
    W7                   OBUF (Prop_obuf_I_O)         1.212     3.973 r  seg_OBUF[0]_inst/O
                         net (fo=0)                   0.000     3.973    seg[0]
    W7                                                                r  seg[0] (OUT)
  -------------------------------------------------------------------    -------------------

Slack:                    inf
  Source:                 switches[15]
                            (input port)
  Destination:            seg[4]
                            (output port)
  Path Group:             (none)
  Path Type:              Min at Fast Process Corner
  Data Path Delay:        3.995ns  (logic 1.580ns (39.555%)  route 2.415ns (60.445%))
  Logic Levels:           5  (IBUF=1 LUT6=3 OBUF=1)

    Location             Delay type                Incr(ns)  Path(ns)    Netlist Resource(s)
  -------------------------------------------------------------------    -------------------
    R2                                                0.000     0.000 f  switches[15] (IN)
                         net (fo=0)                   0.000     0.000    switches[15]
    R2                   IBUF (Prop_ibuf_I_O)         0.224     0.224 f  switches_IBUF[15]_inst/O
                         net (fo=2, routed)           1.109     1.333    CU/D[15]
    SLICE_X43Y31         LUT6 (Prop_lut6_I5_O)        0.045     1.378 r  CU/seg_OBUF[5]_inst_i_13/O
                         net (fo=1, routed)           0.137     1.515    CU/seg_OBUF[5]_inst_i_13_n_0
    SLICE_X43Y31         LUT6 (Prop_lut6_I2_O)        0.045     1.560 r  CU/seg_OBUF[5]_inst_i_3/O
                         net (fo=7, routed)           0.185     1.745    CU/seg_OBUF[5]_inst_i_3_n_0
    SLICE_X42Y31         LUT6 (Prop_lut6_I4_O)        0.045     1.790 r  CU/seg_OBUF[4]_inst_i_1/O
                         net (fo=1, routed)           0.984     2.774    seg_OBUF[4]
    U5                   OBUF (Prop_obuf_I_O)         1.221     3.995 r  seg_OBUF[4]_inst/O
                         net (fo=0)                   0.000     3.995    seg[4]
    U5                                                                r  seg[4] (OUT)
  -------------------------------------------------------------------    -------------------

Slack:                    inf
  Source:                 switches[13]
                            (input port)
  Destination:            seg[6]
                            (output port)
  Path Group:             (none)
  Path Type:              Min at Fast Process Corner
  Data Path Delay:        4.199ns  (logic 1.633ns (38.894%)  route 2.566ns (61.106%))
  Logic Levels:           6  (IBUF=1 LUT6=4 OBUF=1)

    Location             Delay type                Incr(ns)  Path(ns)    Netlist Resource(s)
  -------------------------------------------------------------------    -------------------
    U1                                                0.000     0.000 r  switches[13] (IN)
                         net (fo=0)                   0.000     0.000    switches[13]
    U1                   IBUF (Prop_ibuf_I_O)         0.221     0.221 r  switches_IBUF[13]_inst/O
                         net (fo=2, routed)           0.966     1.187    CU/D[13]
    SLICE_X39Y31         LUT6 (Prop_lut6_I1_O)        0.045     1.232 r  CU/seg_OBUF[5]_inst_i_20/O
                         net (fo=1, routed)           0.216     1.448    CU/seg_OBUF[5]_inst_i_20_n_0
    SLICE_X39Y30         LUT6 (Prop_lut6_I0_O)        0.045     1.493 r  CU/seg_OBUF[5]_inst_i_5/O
                         net (fo=8, routed)           0.281     1.775    CU/seg_OBUF[5]_inst_i_5_n_0
    SLICE_X44Y29         LUT6 (Prop_lut6_I5_O)        0.045     1.820 f  CU/seg_OBUF[6]_inst_i_2/O
                         net (fo=1, routed)           0.099     1.918    CU/seg_OBUF[6]_inst_i_2_n_0
    SLICE_X44Y29         LUT6 (Prop_lut6_I0_O)        0.045     1.963 r  CU/seg_OBUF[6]_inst_i_1/O
                         net (fo=1, routed)           1.004     2.967    seg_OBUF[6]
    U7                   OBUF (Prop_obuf_I_O)         1.232     4.199 r  seg_OBUF[6]_inst/O
                         net (fo=0)                   0.000     4.199    seg[6]
    U7                                                                r  seg[6] (OUT)
  -------------------------------------------------------------------    -------------------

Slack:                    inf
  Source:                 switches[13]
                            (input port)
  Destination:            seg[2]
                            (output port)
  Path Group:             (none)
  Path Type:              Min at Fast Process Corner
  Data Path Delay:        4.334ns  (logic 1.700ns (39.223%)  route 2.634ns (60.777%))
  Logic Levels:           6  (IBUF=1 LUT4=1 LUT6=3 OBUF=1)

    Location             Delay type                Incr(ns)  Path(ns)    Netlist Resource(s)
  -------------------------------------------------------------------    -------------------
    U1                                                0.000     0.000 r  switches[13] (IN)
                         net (fo=0)                   0.000     0.000    switches[13]
    U1                   IBUF (Prop_ibuf_I_O)         0.221     0.221 r  switches_IBUF[13]_inst/O
                         net (fo=2, routed)           0.966     1.187    CU/D[13]
    SLICE_X39Y31         LUT6 (Prop_lut6_I1_O)        0.045     1.232 r  CU/seg_OBUF[5]_inst_i_20/O
                         net (fo=1, routed)           0.216     1.448    CU/seg_OBUF[5]_inst_i_20_n_0
    SLICE_X39Y30         LUT6 (Prop_lut6_I0_O)        0.045     1.493 r  CU/seg_OBUF[5]_inst_i_5/O
                         net (fo=8, routed)           0.356     1.850    CU/seg_OBUF[5]_inst_i_5_n_0
    SLICE_X44Y31         LUT4 (Prop_lut4_I1_O)        0.046     1.896 f  CU/seg_OBUF[2]_inst_i_2/O
                         net (fo=1, routed)           0.281     2.177    CU/seg_OBUF[2]_inst_i_2_n_0
    SLICE_X44Y29         LUT6 (Prop_lut6_I0_O)        0.107     2.284 r  CU/seg_OBUF[2]_inst_i_1/O
                         net (fo=1, routed)           0.814     3.098    seg_OBUF[2]
    U8                   OBUF (Prop_obuf_I_O)         1.236     4.334 r  seg_OBUF[2]_inst/O
                         net (fo=0)                   0.000     4.334    seg[2]
    U8                                                                r  seg[2] (OUT)
  -------------------------------------------------------------------    -------------------





--------------------------------------------------------------------------------------
Path Group:  (none)
From Clock:  sys_clk_pin
  To Clock:  

Max Delay            27 Endpoints
Min Delay            27 Endpoints
--------------------------------------------------------------------------------------


Max Delay Paths
--------------------------------------------------------------------------------------
Slack:                    inf
  Source:                 CU/state_reg[3]/C
                            (rising edge-triggered cell FDRE clocked by sys_clk_pin  {rise@0.000ns fall@5.000ns period=10.000ns})
  Destination:            seg[2]
                            (output port)
  Path Group:             (none)
  Path Type:              Max at Slow Process Corner
  Data Path Delay:        14.038ns  (logic 5.069ns (36.111%)  route 8.968ns (63.889%))
  Logic Levels:           6  (LUT2=1 LUT4=1 LUT6=3 OBUF=1)
  Clock Uncertainty:      0.025ns  ((TSJ^2 + TIJ^2)^1/2 + DJ) / 2 + PE
    Total System Jitter     (TSJ):    0.050ns
    Total Input Jitter      (TIJ):    0.000ns
    Discrete Jitter          (DJ):    0.000ns
    Phase Error              (PE):    0.000ns

    Location             Delay type                Incr(ns)  Path(ns)    Netlist Resource(s)
  -------------------------------------------------------------------    -------------------
                         (clock sys_clk_pin rise edge)
                                                      0.000     0.000 r  
    W5                                                0.000     0.000 r  clock (IN)
                         net (fo=0)                   0.000     0.000    clock
    W5                   IBUF (Prop_ibuf_I_O)         1.458     1.458 r  clock_IBUF_inst/O
                         net (fo=1, routed)           1.967     3.425    clock_IBUF
    BUFGCTRL_X0Y0        BUFG (Prop_bufg_I_O)         0.096     3.521 r  clock_IBUF_BUFG_inst/O
                         net (fo=389, routed)         1.554     5.075    CU/clock_IBUF_BUFG
    SLICE_X45Y29         FDRE                                         r  CU/state_reg[3]/C
  -------------------------------------------------------------------    -------------------
    SLICE_X45Y29         FDRE (Prop_fdre_C_Q)         0.456     5.531 f  CU/state_reg[3]/Q
                         net (fo=141, routed)         1.756     7.287    CU/Q[1]
    SLICE_X53Y27         LUT2 (Prop_lut2_I0_O)        0.152     7.439 r  CU/counter[0]_i_5__0/O
                         net (fo=8, routed)           2.294     9.734    CU/counter[0]_i_5__0_n_0
    SLICE_X36Y30         LUT6 (Prop_lut6_I4_O)        0.326    10.060 f  CU/seg_OBUF[5]_inst_i_24/O
                         net (fo=1, routed)           0.562    10.622    CU/seg_OBUF[5]_inst_i_24_n_0
    SLICE_X39Y30         LUT6 (Prop_lut6_I5_O)        0.124    10.746 r  CU/seg_OBUF[5]_inst_i_5/O
                         net (fo=8, routed)           0.916    11.662    CU/seg_OBUF[5]_inst_i_5_n_0
    SLICE_X44Y31         LUT4 (Prop_lut4_I1_O)        0.150    11.812 f  CU/seg_OBUF[2]_inst_i_2/O
                         net (fo=1, routed)           0.832    12.645    CU/seg_OBUF[2]_inst_i_2_n_0
    SLICE_X44Y29         LUT6 (Prop_lut6_I0_O)        0.326    12.971 r  CU/seg_OBUF[2]_inst_i_1/O
                         net (fo=1, routed)           2.607    15.578    seg_OBUF[2]
    U8                   OBUF (Prop_obuf_I_O)         3.535    19.113 r  seg_OBUF[2]_inst/O
                         net (fo=0)                   0.000    19.113    seg[2]
    U8                                                                r  seg[2] (OUT)
  -------------------------------------------------------------------    -------------------

Slack:                    inf
  Source:                 CU/state_reg[3]/C
                            (rising edge-triggered cell FDRE clocked by sys_clk_pin  {rise@0.000ns fall@5.000ns period=10.000ns})
  Destination:            seg[4]
                            (output port)
  Path Group:             (none)
  Path Type:              Max at Slow Process Corner
  Data Path Delay:        13.909ns  (logic 5.054ns (36.335%)  route 8.855ns (63.665%))
  Logic Levels:           6  (LUT2=2 LUT6=3 OBUF=1)
  Clock Uncertainty:      0.025ns  ((TSJ^2 + TIJ^2)^1/2 + DJ) / 2 + PE
    Total System Jitter     (TSJ):    0.050ns
    Total Input Jitter      (TIJ):    0.000ns
    Discrete Jitter          (DJ):    0.000ns
    Phase Error              (PE):    0.000ns

    Location             Delay type                Incr(ns)  Path(ns)    Netlist Resource(s)
  -------------------------------------------------------------------    -------------------
                         (clock sys_clk_pin rise edge)
                                                      0.000     0.000 r  
    W5                                                0.000     0.000 r  clock (IN)
                         net (fo=0)                   0.000     0.000    clock
    W5                   IBUF (Prop_ibuf_I_O)         1.458     1.458 r  clock_IBUF_inst/O
                         net (fo=1, routed)           1.967     3.425    clock_IBUF
    BUFGCTRL_X0Y0        BUFG (Prop_bufg_I_O)         0.096     3.521 r  clock_IBUF_BUFG_inst/O
                         net (fo=389, routed)         1.554     5.075    CU/clock_IBUF_BUFG
    SLICE_X45Y29         FDRE                                         r  CU/state_reg[3]/C
  -------------------------------------------------------------------    -------------------
    SLICE_X45Y29         FDRE (Prop_fdre_C_Q)         0.456     5.531 r  CU/state_reg[3]/Q
                         net (fo=141, routed)         1.756     7.287    CU/Q[1]
    SLICE_X53Y27         LUT2 (Prop_lut2_I0_O)        0.152     7.439 f  CU/counter[0]_i_5__0/O
                         net (fo=8, routed)           2.294     9.734    CU/counter[0]_i_5__0_n_0
    SLICE_X36Y30         LUT6 (Prop_lut6_I4_O)        0.326    10.060 r  CU/seg_OBUF[5]_inst_i_24/O
                         net (fo=1, routed)           0.562    10.622    CU/seg_OBUF[5]_inst_i_24_n_0
    SLICE_X39Y30         LUT6 (Prop_lut6_I5_O)        0.124    10.746 f  CU/seg_OBUF[5]_inst_i_5/O
                         net (fo=8, routed)           0.836    11.581    CU/seg_OBUF[5]_inst_i_5_n_0
    SLICE_X42Y31         LUT2 (Prop_lut2_I1_O)        0.148    11.729 r  CU/seg_OBUF[4]_inst_i_3/O
                         net (fo=1, routed)           0.452    12.182    CU/seg_OBUF[4]_inst_i_3_n_0
    SLICE_X42Y31         LUT6 (Prop_lut6_I1_O)        0.328    12.510 r  CU/seg_OBUF[4]_inst_i_1/O
                         net (fo=1, routed)           2.955    15.464    seg_OBUF[4]
    U5                   OBUF (Prop_obuf_I_O)         3.520    18.984 r  seg_OBUF[4]_inst/O
                         net (fo=0)                   0.000    18.984    seg[4]
    U5                                                                r  seg[4] (OUT)
  -------------------------------------------------------------------    -------------------

Slack:                    inf
  Source:                 CU/state_reg[3]/C
                            (rising edge-triggered cell FDRE clocked by sys_clk_pin  {rise@0.000ns fall@5.000ns period=10.000ns})
  Destination:            seg[6]
                            (output port)
  Path Group:             (none)
  Path Type:              Max at Slow Process Corner
  Data Path Delay:        13.500ns  (logic 4.837ns (35.834%)  route 8.662ns (64.166%))
  Logic Levels:           6  (LUT2=1 LUT6=4 OBUF=1)
  Clock Uncertainty:      0.025ns  ((TSJ^2 + TIJ^2)^1/2 + DJ) / 2 + PE
    Total System Jitter     (TSJ):    0.050ns
    Total Input Jitter      (TIJ):    0.000ns
    Discrete Jitter          (DJ):    0.000ns
    Phase Error              (PE):    0.000ns

    Location             Delay type                Incr(ns)  Path(ns)    Netlist Resource(s)
  -------------------------------------------------------------------    -------------------
                         (clock sys_clk_pin rise edge)
                                                      0.000     0.000 r  
    W5                                                0.000     0.000 r  clock (IN)
                         net (fo=0)                   0.000     0.000    clock
    W5                   IBUF (Prop_ibuf_I_O)         1.458     1.458 r  clock_IBUF_inst/O
                         net (fo=1, routed)           1.967     3.425    clock_IBUF
    BUFGCTRL_X0Y0        BUFG (Prop_bufg_I_O)         0.096     3.521 r  clock_IBUF_BUFG_inst/O
                         net (fo=389, routed)         1.554     5.075    CU/clock_IBUF_BUFG
    SLICE_X45Y29         FDRE                                         r  CU/state_reg[3]/C
  -------------------------------------------------------------------    -------------------
    SLICE_X45Y29         FDRE (Prop_fdre_C_Q)         0.456     5.531 f  CU/state_reg[3]/Q
                         net (fo=141, routed)         1.756     7.287    CU/Q[1]
    SLICE_X53Y27         LUT2 (Prop_lut2_I0_O)        0.152     7.439 r  CU/counter[0]_i_5__0/O
                         net (fo=8, routed)           2.294     9.734    CU/counter[0]_i_5__0_n_0
    SLICE_X36Y30         LUT6 (Prop_lut6_I4_O)        0.326    10.060 f  CU/seg_OBUF[5]_inst_i_24/O
                         net (fo=1, routed)           0.562    10.622    CU/seg_OBUF[5]_inst_i_24_n_0
    SLICE_X39Y30         LUT6 (Prop_lut6_I5_O)        0.124    10.746 r  CU/seg_OBUF[5]_inst_i_5/O
                         net (fo=8, routed)           0.765    11.511    CU/seg_OBUF[5]_inst_i_5_n_0
    SLICE_X44Y29         LUT6 (Prop_lut6_I5_O)        0.124    11.635 f  CU/seg_OBUF[6]_inst_i_2/O
                         net (fo=1, routed)           0.280    11.915    CU/seg_OBUF[6]_inst_i_2_n_0
    SLICE_X44Y29         LUT6 (Prop_lut6_I0_O)        0.124    12.039 r  CU/seg_OBUF[6]_inst_i_1/O
                         net (fo=1, routed)           3.005    15.044    seg_OBUF[6]
    U7                   OBUF (Prop_obuf_I_O)         3.531    18.575 r  seg_OBUF[6]_inst/O
                         net (fo=0)                   0.000    18.575    seg[6]
    U7                                                                r  seg[6] (OUT)
  -------------------------------------------------------------------    -------------------

Slack:                    inf
  Source:                 CU/state_reg[3]/C
                            (rising edge-triggered cell FDRE clocked by sys_clk_pin  {rise@0.000ns fall@5.000ns period=10.000ns})
  Destination:            seg[1]
                            (output port)
  Path Group:             (none)
  Path Type:              Max at Slow Process Corner
  Data Path Delay:        13.058ns  (logic 4.711ns (36.078%)  route 8.347ns (63.922%))
  Logic Levels:           5  (LUT2=1 LUT6=3 OBUF=1)
  Clock Uncertainty:      0.025ns  ((TSJ^2 + TIJ^2)^1/2 + DJ) / 2 + PE
    Total System Jitter     (TSJ):    0.050ns
    Total Input Jitter      (TIJ):    0.000ns
    Discrete Jitter          (DJ):    0.000ns
    Phase Error              (PE):    0.000ns

    Location             Delay type                Incr(ns)  Path(ns)    Netlist Resource(s)
  -------------------------------------------------------------------    -------------------
                         (clock sys_clk_pin rise edge)
                                                      0.000     0.000 r  
    W5                                                0.000     0.000 r  clock (IN)
                         net (fo=0)                   0.000     0.000    clock
    W5                   IBUF (Prop_ibuf_I_O)         1.458     1.458 r  clock_IBUF_inst/O
                         net (fo=1, routed)           1.967     3.425    clock_IBUF
    BUFGCTRL_X0Y0        BUFG (Prop_bufg_I_O)         0.096     3.521 r  clock_IBUF_BUFG_inst/O
                         net (fo=389, routed)         1.554     5.075    CU/clock_IBUF_BUFG
    SLICE_X45Y29         FDRE                                         r  CU/state_reg[3]/C
  -------------------------------------------------------------------    -------------------
    SLICE_X45Y29         FDRE (Prop_fdre_C_Q)         0.456     5.531 f  CU/state_reg[3]/Q
                         net (fo=141, routed)         1.756     7.287    CU/Q[1]
    SLICE_X53Y27         LUT2 (Prop_lut2_I0_O)        0.152     7.439 r  CU/counter[0]_i_5__0/O
                         net (fo=8, routed)           2.294     9.734    CU/counter[0]_i_5__0_n_0
    SLICE_X36Y30         LUT6 (Prop_lut6_I4_O)        0.326    10.060 f  CU/seg_OBUF[5]_inst_i_24/O
                         net (fo=1, routed)           0.562    10.622    CU/seg_OBUF[5]_inst_i_24_n_0
    SLICE_X39Y30         LUT6 (Prop_lut6_I5_O)        0.124    10.746 r  CU/seg_OBUF[5]_inst_i_5/O
                         net (fo=8, routed)           1.127    11.873    CU/seg_OBUF[5]_inst_i_5_n_0
    SLICE_X44Y30         LUT6 (Prop_lut6_I4_O)        0.124    11.997 r  CU/seg_OBUF[1]_inst_i_1/O
                         net (fo=1, routed)           2.607    14.604    seg_OBUF[1]
    W6                   OBUF (Prop_obuf_I_O)         3.529    18.133 r  seg_OBUF[1]_inst/O
                         net (fo=0)                   0.000    18.133    seg[1]
    W6                                                                r  seg[1] (OUT)
  -------------------------------------------------------------------    -------------------

Slack:                    inf
  Source:                 CU/state_reg[2]/C
                            (rising edge-triggered cell FDRE clocked by sys_clk_pin  {rise@0.000ns fall@5.000ns period=10.000ns})
  Destination:            seg[3]
                            (output port)
  Path Group:             (none)
  Path Type:              Max at Slow Process Corner
  Data Path Delay:        13.011ns  (logic 4.740ns (36.429%)  route 8.271ns (63.571%))
  Logic Levels:           5  (LUT5=2 LUT6=2 OBUF=1)
  Clock Uncertainty:      0.025ns  ((TSJ^2 + TIJ^2)^1/2 + DJ) / 2 + PE
    Total System Jitter     (TSJ):    0.050ns
    Total Input Jitter      (TIJ):    0.000ns
    Discrete Jitter          (DJ):    0.000ns
    Phase Error              (PE):    0.000ns

    Location             Delay type                Incr(ns)  Path(ns)    Netlist Resource(s)
  -------------------------------------------------------------------    -------------------
                         (clock sys_clk_pin rise edge)
                                                      0.000     0.000 r  
    W5                                                0.000     0.000 r  clock (IN)
                         net (fo=0)                   0.000     0.000    clock
    W5                   IBUF (Prop_ibuf_I_O)         1.458     1.458 r  clock_IBUF_inst/O
                         net (fo=1, routed)           1.967     3.425    clock_IBUF
    BUFGCTRL_X0Y0        BUFG (Prop_bufg_I_O)         0.096     3.521 r  clock_IBUF_BUFG_inst/O
                         net (fo=389, routed)         1.550     5.071    CU/clock_IBUF_BUFG
    SLICE_X45Y27         FDRE                                         r  CU/state_reg[2]/C
  -------------------------------------------------------------------    -------------------
    SLICE_X45Y27         FDRE (Prop_fdre_C_Q)         0.456     5.527 f  CU/state_reg[2]/Q
                         net (fo=112, routed)         2.149     7.677    CU/Q[0]
    SLICE_X42Y31         LUT5 (Prop_lut5_I1_O)        0.152     7.829 f  CU/seg_OBUF[5]_inst_i_26/O
                         net (fo=1, routed)           0.961     8.790    CU/seg_OBUF[5]_inst_i_26_n_0
    SLICE_X39Y30         LUT5 (Prop_lut5_I2_O)        0.348     9.138 f  CU/seg_OBUF[5]_inst_i_7/O
                         net (fo=1, routed)           0.867    10.005    CU/seg_OBUF[5]_inst_i_7_n_0
    SLICE_X38Y30         LUT6 (Prop_lut6_I0_O)        0.124    10.129 r  CU/seg_OBUF[5]_inst_i_2/O
                         net (fo=7, routed)           1.496    11.625    CU/seg_OBUF[5]_inst_i_2_n_0
    SLICE_X43Y31         LUT6 (Prop_lut6_I5_O)        0.124    11.749 r  CU/seg_OBUF[3]_inst_i_1/O
                         net (fo=1, routed)           2.797    14.546    seg_OBUF[3]
    V8                   OBUF (Prop_obuf_I_O)         3.536    18.082 r  seg_OBUF[3]_inst/O
                         net (fo=0)                   0.000    18.082    seg[3]
    V8                                                                r  seg[3] (OUT)
  -------------------------------------------------------------------    -------------------

Slack:                    inf
  Source:                 CU/state_reg[3]/C
                            (rising edge-triggered cell FDRE clocked by sys_clk_pin  {rise@0.000ns fall@5.000ns period=10.000ns})
  Destination:            seg[0]
                            (output port)
  Path Group:             (none)
  Path Type:              Max at Slow Process Corner
  Data Path Delay:        12.969ns  (logic 4.693ns (36.185%)  route 8.276ns (63.815%))
  Logic Levels:           5  (LUT2=1 LUT5=1 LUT6=2 OBUF=1)
  Clock Uncertainty:      0.025ns  ((TSJ^2 + TIJ^2)^1/2 + DJ) / 2 + PE
    Total System Jitter     (TSJ):    0.050ns
    Total Input Jitter      (TIJ):    0.000ns
    Discrete Jitter          (DJ):    0.000ns
    Phase Error              (PE):    0.000ns

    Location             Delay type                Incr(ns)  Path(ns)    Netlist Resource(s)
  -------------------------------------------------------------------    -------------------
                         (clock sys_clk_pin rise edge)
                                                      0.000     0.000 r  
    W5                                                0.000     0.000 r  clock (IN)
                         net (fo=0)                   0.000     0.000    clock
    W5                   IBUF (Prop_ibuf_I_O)         1.458     1.458 r  clock_IBUF_inst/O
                         net (fo=1, routed)           1.967     3.425    clock_IBUF
    BUFGCTRL_X0Y0        BUFG (Prop_bufg_I_O)         0.096     3.521 r  clock_IBUF_BUFG_inst/O
                         net (fo=389, routed)         1.554     5.075    CU/clock_IBUF_BUFG
    SLICE_X45Y29         FDRE                                         r  CU/state_reg[3]/C
  -------------------------------------------------------------------    -------------------
    SLICE_X45Y29         FDRE (Prop_fdre_C_Q)         0.456     5.531 f  CU/state_reg[3]/Q
                         net (fo=141, routed)         1.756     7.287    CU/Q[1]
    SLICE_X53Y27         LUT2 (Prop_lut2_I0_O)        0.152     7.439 r  CU/counter[0]_i_5__0/O
                         net (fo=8, routed)           2.294     9.734    CU/counter[0]_i_5__0_n_0
    SLICE_X36Y30         LUT6 (Prop_lut6_I4_O)        0.326    10.060 f  CU/seg_OBUF[5]_inst_i_24/O
                         net (fo=1, routed)           0.562    10.622    CU/seg_OBUF[5]_inst_i_24_n_0
    SLICE_X39Y30         LUT6 (Prop_lut6_I5_O)        0.124    10.746 r  CU/seg_OBUF[5]_inst_i_5/O
                         net (fo=8, routed)           0.916    11.662    CU/seg_OBUF[5]_inst_i_5_n_0
    SLICE_X44Y31         LUT5 (Prop_lut5_I0_O)        0.124    11.786 r  CU/seg_OBUF[0]_inst_i_1/O
                         net (fo=1, routed)           2.747    14.533    seg_OBUF[0]
    W7                   OBUF (Prop_obuf_I_O)         3.511    18.044 r  seg_OBUF[0]_inst/O
                         net (fo=0)                   0.000    18.044    seg[0]
    W7                                                                r  seg[0] (OUT)
  -------------------------------------------------------------------    -------------------

Slack:                    inf
  Source:                 CU/state_reg[3]/C
                            (rising edge-triggered cell FDRE clocked by sys_clk_pin  {rise@0.000ns fall@5.000ns period=10.000ns})
  Destination:            seg[5]
                            (output port)
  Path Group:             (none)
  Path Type:              Max at Slow Process Corner
  Data Path Delay:        12.748ns  (logic 4.686ns (36.763%)  route 8.061ns (63.237%))
  Logic Levels:           5  (LUT2=1 LUT6=3 OBUF=1)
  Clock Uncertainty:      0.025ns  ((TSJ^2 + TIJ^2)^1/2 + DJ) / 2 + PE
    Total System Jitter     (TSJ):    0.050ns
    Total Input Jitter      (TIJ):    0.000ns
    Discrete Jitter          (DJ):    0.000ns
    Phase Error              (PE):    0.000ns

    Location             Delay type                Incr(ns)  Path(ns)    Netlist Resource(s)
  -------------------------------------------------------------------    -------------------
                         (clock sys_clk_pin rise edge)
                                                      0.000     0.000 r  
    W5                                                0.000     0.000 r  clock (IN)
                         net (fo=0)                   0.000     0.000    clock
    W5                   IBUF (Prop_ibuf_I_O)         1.458     1.458 r  clock_IBUF_inst/O
                         net (fo=1, routed)           1.967     3.425    clock_IBUF
    BUFGCTRL_X0Y0        BUFG (Prop_bufg_I_O)         0.096     3.521 r  clock_IBUF_BUFG_inst/O
                         net (fo=389, routed)         1.554     5.075    CU/clock_IBUF_BUFG
    SLICE_X45Y29         FDRE                                         r  CU/state_reg[3]/C
  -------------------------------------------------------------------    -------------------
    SLICE_X45Y29         FDRE (Prop_fdre_C_Q)         0.456     5.531 f  CU/state_reg[3]/Q
                         net (fo=141, routed)         1.756     7.287    CU/Q[1]
    SLICE_X53Y27         LUT2 (Prop_lut2_I0_O)        0.152     7.439 r  CU/counter[0]_i_5__0/O
                         net (fo=8, routed)           2.294     9.734    CU/counter[0]_i_5__0_n_0
    SLICE_X36Y30         LUT6 (Prop_lut6_I4_O)        0.326    10.060 f  CU/seg_OBUF[5]_inst_i_24/O
                         net (fo=1, routed)           0.562    10.622    CU/seg_OBUF[5]_inst_i_24_n_0
    SLICE_X39Y30         LUT6 (Prop_lut6_I5_O)        0.124    10.746 r  CU/seg_OBUF[5]_inst_i_5/O
                         net (fo=8, routed)           0.631    11.376    CU/seg_OBUF[5]_inst_i_5_n_0
    SLICE_X44Y31         LUT6 (Prop_lut6_I3_O)        0.124    11.500 r  CU/seg_OBUF[5]_inst_i_1/O
                         net (fo=1, routed)           2.818    14.318    seg_OBUF[5]
    V5                   OBUF (Prop_obuf_I_O)         3.504    17.823 r  seg_OBUF[5]_inst/O
                         net (fo=0)                   0.000    17.823    seg[5]
    V5                                                                r  seg[5] (OUT)
  -------------------------------------------------------------------    -------------------

Slack:                    inf
  Source:                 CU/state_reg[2]/C
                            (rising edge-triggered cell FDRE clocked by sys_clk_pin  {rise@0.000ns fall@5.000ns period=10.000ns})
  Destination:            led[13]
                            (output port)
  Path Group:             (none)
  Path Type:              Max at Slow Process Corner
  Data Path Delay:        10.632ns  (logic 4.087ns (38.446%)  route 6.544ns (61.554%))
  Logic Levels:           2  (LUT6=1 OBUF=1)
  Clock Uncertainty:      0.025ns  ((TSJ^2 + TIJ^2)^1/2 + DJ) / 2 + PE
    Total System Jitter     (TSJ):    0.050ns
    Total Input Jitter      (TIJ):    0.000ns
    Discrete Jitter          (DJ):    0.000ns
    Phase Error              (PE):    0.000ns

    Location             Delay type                Incr(ns)  Path(ns)    Netlist Resource(s)
  -------------------------------------------------------------------    -------------------
                         (clock sys_clk_pin rise edge)
                                                      0.000     0.000 r  
    W5                                                0.000     0.000 r  clock (IN)
                         net (fo=0)                   0.000     0.000    clock
    W5                   IBUF (Prop_ibuf_I_O)         1.458     1.458 r  clock_IBUF_inst/O
                         net (fo=1, routed)           1.967     3.425    clock_IBUF
    BUFGCTRL_X0Y0        BUFG (Prop_bufg_I_O)         0.096     3.521 r  clock_IBUF_BUFG_inst/O
                         net (fo=389, routed)         1.550     5.071    CU/clock_IBUF_BUFG
    SLICE_X45Y27         FDRE                                         r  CU/state_reg[2]/C
  -------------------------------------------------------------------    -------------------
    SLICE_X45Y27         FDRE (Prop_fdre_C_Q)         0.456     5.527 r  CU/state_reg[2]/Q
                         net (fo=112, routed)         2.698     8.225    CU/Q[0]
    SLICE_X38Y32         LUT6 (Prop_lut6_I2_O)        0.124     8.349 r  CU/led_OBUF[13]_inst_i_1/O
                         net (fo=1, routed)           3.847    12.195    led_OBUF[13]
    N3                   OBUF (Prop_obuf_I_O)         3.507    15.703 r  led_OBUF[13]_inst/O
                         net (fo=0)                   0.000    15.703    led[13]
    N3                                                                r  led[13] (OUT)
  -------------------------------------------------------------------    -------------------

Slack:                    inf
  Source:                 CU/state_reg[2]/C
                            (rising edge-triggered cell FDRE clocked by sys_clk_pin  {rise@0.000ns fall@5.000ns period=10.000ns})
  Destination:            led[12]
                            (output port)
  Path Group:             (none)
  Path Type:              Max at Slow Process Corner
  Data Path Delay:        10.477ns  (logic 4.098ns (39.115%)  route 6.379ns (60.885%))
  Logic Levels:           2  (LUT6=1 OBUF=1)
  Clock Uncertainty:      0.025ns  ((TSJ^2 + TIJ^2)^1/2 + DJ) / 2 + PE
    Total System Jitter     (TSJ):    0.050ns
    Total Input Jitter      (TIJ):    0.000ns
    Discrete Jitter          (DJ):    0.000ns
    Phase Error              (PE):    0.000ns

    Location             Delay type                Incr(ns)  Path(ns)    Netlist Resource(s)
  -------------------------------------------------------------------    -------------------
                         (clock sys_clk_pin rise edge)
                                                      0.000     0.000 r  
    W5                                                0.000     0.000 r  clock (IN)
                         net (fo=0)                   0.000     0.000    clock
    W5                   IBUF (Prop_ibuf_I_O)         1.458     1.458 r  clock_IBUF_inst/O
                         net (fo=1, routed)           1.967     3.425    clock_IBUF
    BUFGCTRL_X0Y0        BUFG (Prop_bufg_I_O)         0.096     3.521 r  clock_IBUF_BUFG_inst/O
                         net (fo=389, routed)         1.550     5.071    CU/clock_IBUF_BUFG
    SLICE_X45Y27         FDRE                                         r  CU/state_reg[2]/C
  -------------------------------------------------------------------    -------------------
    SLICE_X45Y27         FDRE (Prop_fdre_C_Q)         0.456     5.527 r  CU/state_reg[2]/Q
                         net (fo=112, routed)         2.570     8.097    CU/Q[0]
    SLICE_X40Y34         LUT6 (Prop_lut6_I2_O)        0.124     8.221 r  CU/led_OBUF[12]_inst_i_1/O
                         net (fo=1, routed)           3.809    12.030    led_OBUF[12]
    P3                   OBUF (Prop_obuf_I_O)         3.518    15.548 r  led_OBUF[12]_inst/O
                         net (fo=0)                   0.000    15.548    led[12]
    P3                                                                r  led[12] (OUT)
  -------------------------------------------------------------------    -------------------

Slack:                    inf
  Source:                 CU/state_reg[0]/C
                            (rising edge-triggered cell FDRE clocked by sys_clk_pin  {rise@0.000ns fall@5.000ns period=10.000ns})
  Destination:            led[15]
                            (output port)
  Path Group:             (none)
  Path Type:              Max at Slow Process Corner
  Data Path Delay:        10.158ns  (logic 4.488ns (44.185%)  route 5.670ns (55.815%))
  Logic Levels:           3  (LUT5=1 MUXF7=1 OBUF=1)
  Clock Uncertainty:      0.025ns  ((TSJ^2 + TIJ^2)^1/2 + DJ) / 2 + PE
    Total System Jitter     (TSJ):    0.050ns
    Total Input Jitter      (TIJ):    0.000ns
    Discrete Jitter          (DJ):    0.000ns
    Phase Error              (PE):    0.000ns

    Location             Delay type                Incr(ns)  Path(ns)    Netlist Resource(s)
  -------------------------------------------------------------------    -------------------
                         (clock sys_clk_pin rise edge)
                                                      0.000     0.000 r  
    W5                                                0.000     0.000 r  clock (IN)
                         net (fo=0)                   0.000     0.000    clock
    W5                   IBUF (Prop_ibuf_I_O)         1.458     1.458 r  clock_IBUF_inst/O
                         net (fo=1, routed)           1.967     3.425    clock_IBUF
    BUFGCTRL_X0Y0        BUFG (Prop_bufg_I_O)         0.096     3.521 r  clock_IBUF_BUFG_inst/O
                         net (fo=389, routed)         1.550     5.071    CU/clock_IBUF_BUFG
    SLICE_X45Y27         FDRE                                         r  CU/state_reg[0]/C
  -------------------------------------------------------------------    -------------------
    SLICE_X45Y27         FDRE (Prop_fdre_C_Q)         0.456     5.527 r  CU/state_reg[0]/Q
                         net (fo=100, routed)         1.391     6.918    CU/state_reg_n_0_[0]
    SLICE_X46Y30         LUT5 (Prop_lut5_I3_O)        0.124     7.042 r  CU/led_OBUF[15]_inst_i_3/O
                         net (fo=1, routed)           0.000     7.042    CU/led_OBUF[15]_inst_i_3_n_0
    SLICE_X46Y30         MUXF7 (Prop_muxf7_I1_O)      0.214     7.256 r  CU/led_OBUF[15]_inst_i_1/O
                         net (fo=1, routed)           4.279    11.535    led_OBUF[15]
    L1                   OBUF (Prop_obuf_I_O)         3.694    15.230 r  led_OBUF[15]_inst/O
                         net (fo=0)                   0.000    15.230    led[15]
    L1                                                                r  led[15] (OUT)
  -------------------------------------------------------------------    -------------------





Min Delay Paths
--------------------------------------------------------------------------------------
Slack:                    inf
  Source:                 SSD/refresh_counter_reg[18]/C
                            (rising edge-triggered cell FDRE clocked by sys_clk_pin  {rise@0.000ns fall@5.000ns period=10.000ns})
  Destination:            an[0]
                            (output port)
  Path Group:             (none)
  Path Type:              Min at Fast Process Corner
  Data Path Delay:        2.176ns  (logic 1.390ns (63.889%)  route 0.786ns (36.111%))
  Logic Levels:           2  (LUT2=1 OBUF=1)
  Clock Uncertainty:      0.025ns  ((TSJ^2 + TIJ^2)^1/2 + DJ) / 2 + PE
    Total System Jitter     (TSJ):    0.050ns
    Total Input Jitter      (TIJ):    0.000ns
    Discrete Jitter          (DJ):    0.000ns
    Phase Error              (PE):    0.000ns

    Location             Delay type                Incr(ns)  Path(ns)    Netlist Resource(s)
  -------------------------------------------------------------------    -------------------
                         (clock sys_clk_pin rise edge)
                                                      0.000     0.000 r  
    W5                                                0.000     0.000 r  clock (IN)
                         net (fo=0)                   0.000     0.000    clock
    W5                   IBUF (Prop_ibuf_I_O)         0.226     0.226 r  clock_IBUF_inst/O
                         net (fo=1, routed)           0.631     0.858    clock_IBUF
    BUFGCTRL_X0Y0        BUFG (Prop_bufg_I_O)         0.026     0.884 r  clock_IBUF_BUFG_inst/O
                         net (fo=389, routed)         0.559     1.442    SSD/clock_IBUF_BUFG
    SLICE_X48Y31         FDRE                                         r  SSD/refresh_counter_reg[18]/C
  -------------------------------------------------------------------    -------------------
    SLICE_X48Y31         FDRE (Prop_fdre_C_Q)         0.141     1.583 r  SSD/refresh_counter_reg[18]/Q
                         net (fo=16, routed)          0.225     1.808    SSD/digit_select[0]
    SLICE_X50Y31         LUT2 (Prop_lut2_I0_O)        0.045     1.853 r  SSD/an_OBUF[0]_inst_i_1/O
                         net (fo=1, routed)           0.561     2.414    an_OBUF[0]
    U2                   OBUF (Prop_obuf_I_O)         1.204     3.618 r  an_OBUF[0]_inst/O
                         net (fo=0)                   0.000     3.618    an[0]
    U2                                                                r  an[0] (OUT)
  -------------------------------------------------------------------    -------------------

Slack:                    inf
  Source:                 SSD/refresh_counter_reg[18]/C
                            (rising edge-triggered cell FDRE clocked by sys_clk_pin  {rise@0.000ns fall@5.000ns period=10.000ns})
  Destination:            an[1]
                            (output port)
  Path Group:             (none)
  Path Type:              Min at Fast Process Corner
  Data Path Delay:        2.248ns  (logic 1.386ns (61.662%)  route 0.862ns (38.338%))
  Logic Levels:           2  (LUT2=1 OBUF=1)
  Clock Uncertainty:      0.025ns  ((TSJ^2 + TIJ^2)^1/2 + DJ) / 2 + PE
    Total System Jitter     (TSJ):    0.050ns
    Total Input Jitter      (TIJ):    0.000ns
    Discrete Jitter          (DJ):    0.000ns
    Phase Error              (PE):    0.000ns

    Location             Delay type                Incr(ns)  Path(ns)    Netlist Resource(s)
  -------------------------------------------------------------------    -------------------
                         (clock sys_clk_pin rise edge)
                                                      0.000     0.000 r  
    W5                                                0.000     0.000 r  clock (IN)
                         net (fo=0)                   0.000     0.000    clock
    W5                   IBUF (Prop_ibuf_I_O)         0.226     0.226 r  clock_IBUF_inst/O
                         net (fo=1, routed)           0.631     0.858    clock_IBUF
    BUFGCTRL_X0Y0        BUFG (Prop_bufg_I_O)         0.026     0.884 r  clock_IBUF_BUFG_inst/O
                         net (fo=389, routed)         0.559     1.442    SSD/clock_IBUF_BUFG
    SLICE_X48Y31         FDRE                                         r  SSD/refresh_counter_reg[18]/C
  -------------------------------------------------------------------    -------------------
    SLICE_X48Y31         FDRE (Prop_fdre_C_Q)         0.141     1.583 f  SSD/refresh_counter_reg[18]/Q
                         net (fo=16, routed)          0.284     1.867    SSD/digit_select[0]
    SLICE_X50Y29         LUT2 (Prop_lut2_I1_O)        0.045     1.912 r  SSD/an_OBUF[1]_inst_i_1/O
                         net (fo=1, routed)           0.578     2.490    an_OBUF[1]
    U4                   OBUF (Prop_obuf_I_O)         1.200     3.690 r  an_OBUF[1]_inst/O
                         net (fo=0)                   0.000     3.690    an[1]
    U4                                                                r  an[1] (OUT)
  -------------------------------------------------------------------    -------------------

Slack:                    inf
  Source:                 SSD/refresh_counter_reg[18]/C
                            (rising edge-triggered cell FDRE clocked by sys_clk_pin  {rise@0.000ns fall@5.000ns period=10.000ns})
  Destination:            an[3]
                            (output port)
  Path Group:             (none)
  Path Type:              Min at Fast Process Corner
  Data Path Delay:        2.348ns  (logic 1.464ns (62.371%)  route 0.883ns (37.629%))
  Logic Levels:           2  (LUT2=1 OBUF=1)
  Clock Uncertainty:      0.025ns  ((TSJ^2 + TIJ^2)^1/2 + DJ) / 2 + PE
    Total System Jitter     (TSJ):    0.050ns
    Total Input Jitter      (TIJ):    0.000ns
    Discrete Jitter          (DJ):    0.000ns
    Phase Error              (PE):    0.000ns

    Location             Delay type                Incr(ns)  Path(ns)    Netlist Resource(s)
  -------------------------------------------------------------------    -------------------
                         (clock sys_clk_pin rise edge)
                                                      0.000     0.000 r  
    W5                                                0.000     0.000 r  clock (IN)
                         net (fo=0)                   0.000     0.000    clock
    W5                   IBUF (Prop_ibuf_I_O)         0.226     0.226 r  clock_IBUF_inst/O
                         net (fo=1, routed)           0.631     0.858    clock_IBUF
    BUFGCTRL_X0Y0        BUFG (Prop_bufg_I_O)         0.026     0.884 r  clock_IBUF_BUFG_inst/O
                         net (fo=389, routed)         0.559     1.442    SSD/clock_IBUF_BUFG
    SLICE_X48Y31         FDRE                                         r  SSD/refresh_counter_reg[18]/C
  -------------------------------------------------------------------    -------------------
    SLICE_X48Y31         FDRE (Prop_fdre_C_Q)         0.141     1.583 f  SSD/refresh_counter_reg[18]/Q
                         net (fo=16, routed)          0.225     1.808    SSD/digit_select[0]
    SLICE_X50Y31         LUT2 (Prop_lut2_I1_O)        0.046     1.854 r  SSD/an_OBUF[3]_inst_i_1/O
                         net (fo=3, routed)           0.659     2.513    an_OBUF[3]
    W4                   OBUF (Prop_obuf_I_O)         1.277     3.790 r  an_OBUF[3]_inst/O
                         net (fo=0)                   0.000     3.790    an[3]
    W4                                                                r  an[3] (OUT)
  -------------------------------------------------------------------    -------------------

Slack:                    inf
  Source:                 CU/state_reg[3]/C
                            (rising edge-triggered cell FDRE clocked by sys_clk_pin  {rise@0.000ns fall@5.000ns period=10.000ns})
  Destination:            led[11]
                            (output port)
  Path Group:             (none)
  Path Type:              Min at Fast Process Corner
  Data Path Delay:        2.434ns  (logic 1.391ns (57.153%)  route 1.043ns (42.847%))
  Logic Levels:           2  (LUT6=1 OBUF=1)
  Clock Uncertainty:      0.025ns  ((TSJ^2 + TIJ^2)^1/2 + DJ) / 2 + PE
    Total System Jitter     (TSJ):    0.050ns
    Total Input Jitter      (TIJ):    0.000ns
    Discrete Jitter          (DJ):    0.000ns
    Phase Error              (PE):    0.000ns

    Location             Delay type                Incr(ns)  Path(ns)    Netlist Resource(s)
  -------------------------------------------------------------------    -------------------
                         (clock sys_clk_pin rise edge)
                                                      0.000     0.000 r  
    W5                                                0.000     0.000 r  clock (IN)
                         net (fo=0)                   0.000     0.000    clock
    W5                   IBUF (Prop_ibuf_I_O)         0.226     0.226 r  clock_IBUF_inst/O
                         net (fo=1, routed)           0.631     0.858    clock_IBUF
    BUFGCTRL_X0Y0        BUFG (Prop_bufg_I_O)         0.026     0.884 r  clock_IBUF_BUFG_inst/O
                         net (fo=389, routed)         0.555     1.438    CU/clock_IBUF_BUFG
    SLICE_X45Y29         FDRE                                         r  CU/state_reg[3]/C
  -------------------------------------------------------------------    -------------------
    SLICE_X45Y29         FDRE (Prop_fdre_C_Q)         0.141     1.579 r  CU/state_reg[3]/Q
                         net (fo=141, routed)         0.270     1.849    CU/Q[1]
    SLICE_X46Y30         LUT6 (Prop_lut6_I3_O)        0.045     1.894 r  CU/led_OBUF[11]_inst_i_1/O
                         net (fo=1, routed)           0.773     2.667    led_OBUF[11]
    U3                   OBUF (Prop_obuf_I_O)         1.205     3.872 r  led_OBUF[11]_inst/O
                         net (fo=0)                   0.000     3.872    led[11]
    U3                                                                r  led[11] (OUT)
  -------------------------------------------------------------------    -------------------

Slack:                    inf
  Source:                 CU/result_value_reg[2]/C
                            (rising edge-triggered cell FDRE clocked by sys_clk_pin  {rise@0.000ns fall@5.000ns period=10.000ns})
  Destination:            led[2]
                            (output port)
  Path Group:             (none)
  Path Type:              Min at Fast Process Corner
  Data Path Delay:        2.484ns  (logic 1.388ns (55.890%)  route 1.096ns (44.110%))
  Logic Levels:           2  (LUT6=1 OBUF=1)
  Clock Uncertainty:      0.025ns  ((TSJ^2 + TIJ^2)^1/2 + DJ) / 2 + PE
    Total System Jitter     (TSJ):    0.050ns
    Total Input Jitter      (TIJ):    0.000ns
    Discrete Jitter          (DJ):    0.000ns
    Phase Error              (PE):    0.000ns

    Location             Delay type                Incr(ns)  Path(ns)    Netlist Resource(s)
  -------------------------------------------------------------------    -------------------
                         (clock sys_clk_pin rise edge)
                                                      0.000     0.000 r  
    W5                                                0.000     0.000 r  clock (IN)
                         net (fo=0)                   0.000     0.000    clock
    W5                   IBUF (Prop_ibuf_I_O)         0.226     0.226 r  clock_IBUF_inst/O
                         net (fo=1, routed)           0.631     0.858    clock_IBUF
    BUFGCTRL_X0Y0        BUFG (Prop_bufg_I_O)         0.026     0.884 r  clock_IBUF_BUFG_inst/O
                         net (fo=389, routed)         0.553     1.436    CU/clock_IBUF_BUFG
    SLICE_X39Y28         FDRE                                         r  CU/result_value_reg[2]/C
  -------------------------------------------------------------------    -------------------
    SLICE_X39Y28         FDRE (Prop_fdre_C_Q)         0.141     1.577 r  CU/result_value_reg[2]/Q
                         net (fo=2, routed)           0.315     1.892    CU/result_value[2]
    SLICE_X38Y26         LUT6 (Prop_lut6_I3_O)        0.045     1.937 r  CU/led_OBUF[2]_inst_i_1/O
                         net (fo=1, routed)           0.780     2.718    led_OBUF[2]
    U19                  OBUF (Prop_obuf_I_O)         1.202     3.920 r  led_OBUF[2]_inst/O
                         net (fo=0)                   0.000     3.920    led[2]
    U19                                                               r  led[2] (OUT)
  -------------------------------------------------------------------    -------------------

Slack:                    inf
  Source:                 CU/state_reg[3]/C
                            (rising edge-triggered cell FDRE clocked by sys_clk_pin  {rise@0.000ns fall@5.000ns period=10.000ns})
  Destination:            led[10]
                            (output port)
  Path Group:             (none)
  Path Type:              Min at Fast Process Corner
  Data Path Delay:        2.517ns  (logic 1.412ns (56.104%)  route 1.105ns (43.896%))
  Logic Levels:           2  (LUT6=1 OBUF=1)
  Clock Uncertainty:      0.025ns  ((TSJ^2 + TIJ^2)^1/2 + DJ) / 2 + PE
    Total System Jitter     (TSJ):    0.050ns
    Total Input Jitter      (TIJ):    0.000ns
    Discrete Jitter          (DJ):    0.000ns
    Phase Error              (PE):    0.000ns

    Location             Delay type                Incr(ns)  Path(ns)    Netlist Resource(s)
  -------------------------------------------------------------------    -------------------
                         (clock sys_clk_pin rise edge)
                                                      0.000     0.000 r  
    W5                                                0.000     0.000 r  clock (IN)
                         net (fo=0)                   0.000     0.000    clock
    W5                   IBUF (Prop_ibuf_I_O)         0.226     0.226 r  clock_IBUF_inst/O
                         net (fo=1, routed)           0.631     0.858    clock_IBUF
    BUFGCTRL_X0Y0        BUFG (Prop_bufg_I_O)         0.026     0.884 r  clock_IBUF_BUFG_inst/O
                         net (fo=389, routed)         0.555     1.438    CU/clock_IBUF_BUFG
    SLICE_X45Y29         FDRE                                         r  CU/state_reg[3]/C
  -------------------------------------------------------------------    -------------------
    SLICE_X45Y29         FDRE (Prop_fdre_C_Q)         0.141     1.579 r  CU/state_reg[3]/Q
                         net (fo=141, routed)         0.283     1.862    CU/Q[1]
    SLICE_X46Y29         LUT6 (Prop_lut6_I1_O)        0.045     1.907 r  CU/led_OBUF[10]_inst_i_1/O
                         net (fo=1, routed)           0.822     2.729    led_OBUF[10]
    W3                   OBUF (Prop_obuf_I_O)         1.226     3.955 r  led_OBUF[10]_inst/O
                         net (fo=0)                   0.000     3.955    led[10]
    W3                                                                r  led[10] (OUT)
  -------------------------------------------------------------------    -------------------

Slack:                    inf
  Source:                 CU/state_reg[3]/C
                            (rising edge-triggered cell FDRE clocked by sys_clk_pin  {rise@0.000ns fall@5.000ns period=10.000ns})
  Destination:            seg[2]
                            (output port)
  Path Group:             (none)
  Path Type:              Min at Fast Process Corner
  Data Path Delay:        2.569ns  (logic 1.532ns (59.634%)  route 1.037ns (40.366%))
  Logic Levels:           3  (LUT5=1 LUT6=1 OBUF=1)
  Clock Uncertainty:      0.025ns  ((TSJ^2 + TIJ^2)^1/2 + DJ) / 2 + PE
    Total System Jitter     (TSJ):    0.050ns
    Total Input Jitter      (TIJ):    0.000ns
    Discrete Jitter          (DJ):    0.000ns
    Phase Error              (PE):    0.000ns

    Location             Delay type                Incr(ns)  Path(ns)    Netlist Resource(s)
  -------------------------------------------------------------------    -------------------
                         (clock sys_clk_pin rise edge)
                                                      0.000     0.000 r  
    W5                                                0.000     0.000 r  clock (IN)
                         net (fo=0)                   0.000     0.000    clock
    W5                   IBUF (Prop_ibuf_I_O)         0.226     0.226 r  clock_IBUF_inst/O
                         net (fo=1, routed)           0.631     0.858    clock_IBUF
    BUFGCTRL_X0Y0        BUFG (Prop_bufg_I_O)         0.026     0.884 r  clock_IBUF_BUFG_inst/O
                         net (fo=389, routed)         0.555     1.438    CU/clock_IBUF_BUFG
    SLICE_X45Y29         FDRE                                         r  CU/state_reg[3]/C
  -------------------------------------------------------------------    -------------------
    SLICE_X45Y29         FDRE (Prop_fdre_C_Q)         0.141     1.579 r  CU/state_reg[3]/Q
                         net (fo=141, routed)         0.148     1.727    CU/Q[1]
    SLICE_X44Y29         LUT5 (Prop_lut5_I2_O)        0.048     1.775 r  CU/seg_OBUF[6]_inst_i_5/O
                         net (fo=2, routed)           0.075     1.850    CU/seg_OBUF[6]_inst_i_5_n_0
    SLICE_X44Y29         LUT6 (Prop_lut6_I5_O)        0.107     1.957 r  CU/seg_OBUF[2]_inst_i_1/O
                         net (fo=1, routed)           0.814     2.771    seg_OBUF[2]
    U8                   OBUF (Prop_obuf_I_O)         1.236     4.007 r  seg_OBUF[2]_inst/O
                         net (fo=0)                   0.000     4.007    seg[2]
    U8                                                                r  seg[2] (OUT)
  -------------------------------------------------------------------    -------------------

Slack:                    inf
  Source:                 CU/result_value_reg[3]/C
                            (rising edge-triggered cell FDRE clocked by sys_clk_pin  {rise@0.000ns fall@5.000ns period=10.000ns})
  Destination:            led[3]
                            (output port)
  Path Group:             (none)
  Path Type:              Min at Fast Process Corner
  Data Path Delay:        2.624ns  (logic 1.396ns (53.200%)  route 1.228ns (46.800%))
  Logic Levels:           2  (LUT6=1 OBUF=1)
  Clock Uncertainty:      0.025ns  ((TSJ^2 + TIJ^2)^1/2 + DJ) / 2 + PE
    Total System Jitter     (TSJ):    0.050ns
    Total Input Jitter      (TIJ):    0.000ns
    Discrete Jitter          (DJ):    0.000ns
    Phase Error              (PE):    0.000ns

    Location             Delay type                Incr(ns)  Path(ns)    Netlist Resource(s)
  -------------------------------------------------------------------    -------------------
                         (clock sys_clk_pin rise edge)
                                                      0.000     0.000 r  
    W5                                                0.000     0.000 r  clock (IN)
                         net (fo=0)                   0.000     0.000    clock
    W5                   IBUF (Prop_ibuf_I_O)         0.226     0.226 r  clock_IBUF_inst/O
                         net (fo=1, routed)           0.631     0.858    clock_IBUF
    BUFGCTRL_X0Y0        BUFG (Prop_bufg_I_O)         0.026     0.884 r  clock_IBUF_BUFG_inst/O
                         net (fo=389, routed)         0.551     1.434    CU/clock_IBUF_BUFG
    SLICE_X36Y26         FDRE                                         r  CU/result_value_reg[3]/C
  -------------------------------------------------------------------    -------------------
    SLICE_X36Y26         FDRE (Prop_fdre_C_Q)         0.141     1.575 r  CU/result_value_reg[3]/Q
                         net (fo=2, routed)           0.357     1.932    CU/result_value[3]
    SLICE_X36Y24         LUT6 (Prop_lut6_I4_O)        0.045     1.977 r  CU/led_OBUF[3]_inst_i_1/O
                         net (fo=1, routed)           0.871     2.848    led_OBUF[3]
    V19                  OBUF (Prop_obuf_I_O)         1.210     4.058 r  led_OBUF[3]_inst/O
                         net (fo=0)                   0.000     4.058    led[3]
    V19                                                               r  led[3] (OUT)
  -------------------------------------------------------------------    -------------------

Slack:                    inf
  Source:                 CU/state_reg[3]/C
                            (rising edge-triggered cell FDRE clocked by sys_clk_pin  {rise@0.000ns fall@5.000ns period=10.000ns})
  Destination:            seg[1]
                            (output port)
  Path Group:             (none)
  Path Type:              Min at Fast Process Corner
  Data Path Delay:        2.636ns  (logic 1.461ns (55.424%)  route 1.175ns (44.576%))
  Logic Levels:           3  (LUT5=1 LUT6=1 OBUF=1)
  Clock Uncertainty:      0.025ns  ((TSJ^2 + TIJ^2)^1/2 + DJ) / 2 + PE
    Total System Jitter     (TSJ):    0.050ns
    Total Input Jitter      (TIJ):    0.000ns
    Discrete Jitter          (DJ):    0.000ns
    Phase Error              (PE):    0.000ns

    Location             Delay type                Incr(ns)  Path(ns)    Netlist Resource(s)
  -------------------------------------------------------------------    -------------------
                         (clock sys_clk_pin rise edge)
                                                      0.000     0.000 r  
    W5                                                0.000     0.000 r  clock (IN)
                         net (fo=0)                   0.000     0.000    clock
    W5                   IBUF (Prop_ibuf_I_O)         0.226     0.226 r  clock_IBUF_inst/O
                         net (fo=1, routed)           0.631     0.858    clock_IBUF
    BUFGCTRL_X0Y0        BUFG (Prop_bufg_I_O)         0.026     0.884 r  clock_IBUF_BUFG_inst/O
                         net (fo=389, routed)         0.555     1.438    CU/clock_IBUF_BUFG
    SLICE_X45Y29         FDRE                                         r  CU/state_reg[3]/C
  -------------------------------------------------------------------    -------------------
    SLICE_X45Y29         FDRE (Prop_fdre_C_Q)         0.141     1.579 r  CU/state_reg[3]/Q
                         net (fo=141, routed)         0.148     1.727    CU/Q[1]
    SLICE_X44Y29         LUT5 (Prop_lut5_I4_O)        0.045     1.772 r  CU/seg_OBUF[1]_inst_i_2/O
                         net (fo=1, routed)           0.213     1.985    CU/seg_OBUF[1]_inst_i_2_n_0
    SLICE_X44Y30         LUT6 (Prop_lut6_I1_O)        0.045     2.030 r  CU/seg_OBUF[1]_inst_i_1/O
                         net (fo=1, routed)           0.814     2.844    seg_OBUF[1]
    W6                   OBUF (Prop_obuf_I_O)         1.230     4.074 r  seg_OBUF[1]_inst/O
                         net (fo=0)                   0.000     4.074    seg[1]
    W6                                                                r  seg[1] (OUT)
  -------------------------------------------------------------------    -------------------

Slack:                    inf
  Source:                 CU/result_value_reg[9]/C
                            (rising edge-triggered cell FDRE clocked by sys_clk_pin  {rise@0.000ns fall@5.000ns period=10.000ns})
  Destination:            led[9]
                            (output port)
  Path Group:             (none)
  Path Type:              Min at Fast Process Corner
  Data Path Delay:        2.660ns  (logic 1.395ns (52.465%)  route 1.264ns (47.535%))
  Logic Levels:           2  (LUT6=1 OBUF=1)
  Clock Uncertainty:      0.025ns  ((TSJ^2 + TIJ^2)^1/2 + DJ) / 2 + PE
    Total System Jitter     (TSJ):    0.050ns
    Total Input Jitter      (TIJ):    0.000ns
    Discrete Jitter          (DJ):    0.000ns
    Phase Error              (PE):    0.000ns

    Location             Delay type                Incr(ns)  Path(ns)    Netlist Resource(s)
  -------------------------------------------------------------------    -------------------
                         (clock sys_clk_pin rise edge)
                                                      0.000     0.000 r  
    W5                                                0.000     0.000 r  clock (IN)
                         net (fo=0)                   0.000     0.000    clock
    W5                   IBUF (Prop_ibuf_I_O)         0.226     0.226 r  clock_IBUF_inst/O
                         net (fo=1, routed)           0.631     0.858    clock_IBUF
    BUFGCTRL_X0Y0        BUFG (Prop_bufg_I_O)         0.026     0.884 r  clock_IBUF_BUFG_inst/O
                         net (fo=389, routed)         0.555     1.438    CU/clock_IBUF_BUFG
    SLICE_X39Y30         FDRE                                         r  CU/result_value_reg[9]/C
  -------------------------------------------------------------------    -------------------
    SLICE_X39Y30         FDRE (Prop_fdre_C_Q)         0.141     1.579 r  CU/result_value_reg[9]/Q
                         net (fo=2, routed)           0.417     1.996    CU/result_value[9]
    SLICE_X40Y34         LUT6 (Prop_lut6_I5_O)        0.045     2.041 r  CU/led_OBUF[9]_inst_i_1/O
                         net (fo=1, routed)           0.847     2.888    led_OBUF[9]
    V3                   OBUF (Prop_obuf_I_O)         1.209     4.098 r  led_OBUF[9]_inst/O
                         net (fo=0)                   0.000     4.098    led[9]
    V3                                                                r  led[9] (OUT)
  -------------------------------------------------------------------    -------------------





--------------------------------------------------------------------------------------
Path Group:  (none)
From Clock:  
  To Clock:  sys_clk_pin

Max Delay           154 Endpoints
Min Delay           154 Endpoints
--------------------------------------------------------------------------------------


Max Delay Paths
--------------------------------------------------------------------------------------
Slack:                    inf
  Source:                 button4
                            (input port)
  Destination:            CU/state_reg[3]/CE
                            (rising edge-triggered cell FDRE clocked by sys_clk_pin  {rise@0.000ns fall@5.000ns period=10.000ns})
  Path Group:             (none)
  Path Type:              Setup (Max at Slow Process Corner)
  Data Path Delay:        7.025ns  (logic 1.948ns (27.736%)  route 5.076ns (72.264%))
  Logic Levels:           5  (IBUF=1 LUT4=1 LUT6=3)
  Clock Path Skew:        4.778ns (DCD - SCD + CPR)
    Destination Clock Delay (DCD):    4.778ns
    Source Clock Delay      (SCD):    0.000ns
    Clock Pessimism Removal (CPR):    0.000ns
  Clock Uncertainty:      0.025ns  ((TSJ^2 + TIJ^2)^1/2 + DJ) / 2 + PE
    Total System Jitter     (TSJ):    0.050ns
    Total Input Jitter      (TIJ):    0.000ns
    Discrete Jitter          (DJ):    0.000ns
    Phase Error              (PE):    0.000ns

    Location             Delay type                Incr(ns)  Path(ns)    Netlist Resource(s)
  -------------------------------------------------------------------    -------------------
    U17                                               0.000     0.000 r  button4 (IN)
                         net (fo=0)                   0.000     0.000    button4
    U17                  IBUF (Prop_ibuf_I_O)         1.452     1.452 r  button4_IBUF_inst/O
                         net (fo=3, routed)           2.820     4.273    CU/button4_IBUF
    SLICE_X43Y22         LUT4 (Prop_lut4_I2_O)        0.124     4.397 f  CU/state[4]_i_11/O
                         net (fo=1, routed)           0.940     5.337    CU/state[4]_i_11_n_0
    SLICE_X43Y23         LUT6 (Prop_lut6_I0_O)        0.124     5.461 r  CU/state[4]_i_9/O
                         net (fo=1, routed)           0.151     5.612    CU/state[4]_i_9_n_0
    SLICE_X43Y23         LUT6 (Prop_lut6_I1_O)        0.124     5.736 r  CU/state[4]_i_3/O
                         net (fo=1, routed)           0.682     6.418    CU/state[4]_i_3_n_0
    SLICE_X45Y27         LUT6 (Prop_lut6_I2_O)        0.124     6.542 r  CU/state[4]_i_1/O
                         net (fo=5, routed)           0.482     7.025    CU/state[4]_i_1_n_0
    SLICE_X45Y29         FDRE                                         r  CU/state_reg[3]/CE
  -------------------------------------------------------------------    -------------------

                         (clock sys_clk_pin rise edge)
                                                      0.000     0.000 r  
    W5                                                0.000     0.000 r  clock (IN)
                         net (fo=0)                   0.000     0.000    clock
    W5                   IBUF (Prop_ibuf_I_O)         1.388     1.388 r  clock_IBUF_inst/O
                         net (fo=1, routed)           1.862     3.250    clock_IBUF
    BUFGCTRL_X0Y0        BUFG (Prop_bufg_I_O)         0.091     3.341 r  clock_IBUF_BUFG_inst/O
                         net (fo=389, routed)         1.437     4.778    CU/clock_IBUF_BUFG
    SLICE_X45Y29         FDRE                                         r  CU/state_reg[3]/C

Slack:                    inf
  Source:                 button4
                            (input port)
  Destination:            CU/state_reg[0]/CE
                            (rising edge-triggered cell FDRE clocked by sys_clk_pin  {rise@0.000ns fall@5.000ns period=10.000ns})
  Path Group:             (none)
  Path Type:              Setup (Max at Slow Process Corner)
  Data Path Delay:        6.933ns  (logic 1.948ns (28.102%)  route 4.985ns (71.898%))
  Logic Levels:           5  (IBUF=1 LUT4=1 LUT6=3)
  Clock Path Skew:        4.775ns (DCD - SCD + CPR)
    Destination Clock Delay (DCD):    4.775ns
    Source Clock Delay      (SCD):    0.000ns
    Clock Pessimism Removal (CPR):    0.000ns
  Clock Uncertainty:      0.025ns  ((TSJ^2 + TIJ^2)^1/2 + DJ) / 2 + PE
    Total System Jitter     (TSJ):    0.050ns
    Total Input Jitter      (TIJ):    0.000ns
    Discrete Jitter          (DJ):    0.000ns
    Phase Error              (PE):    0.000ns

    Location             Delay type                Incr(ns)  Path(ns)    Netlist Resource(s)
  -------------------------------------------------------------------    -------------------
    U17                                               0.000     0.000 r  button4 (IN)
                         net (fo=0)                   0.000     0.000    button4
    U17                  IBUF (Prop_ibuf_I_O)         1.452     1.452 r  button4_IBUF_inst/O
                         net (fo=3, routed)           2.820     4.273    CU/button4_IBUF
    SLICE_X43Y22         LUT4 (Prop_lut4_I2_O)        0.124     4.397 f  CU/state[4]_i_11/O
                         net (fo=1, routed)           0.940     5.337    CU/state[4]_i_11_n_0
    SLICE_X43Y23         LUT6 (Prop_lut6_I0_O)        0.124     5.461 r  CU/state[4]_i_9/O
                         net (fo=1, routed)           0.151     5.612    CU/state[4]_i_9_n_0
    SLICE_X43Y23         LUT6 (Prop_lut6_I1_O)        0.124     5.736 r  CU/state[4]_i_3/O
                         net (fo=1, routed)           0.682     6.418    CU/state[4]_i_3_n_0
    SLICE_X45Y27         LUT6 (Prop_lut6_I2_O)        0.124     6.542 r  CU/state[4]_i_1/O
                         net (fo=5, routed)           0.391     6.933    CU/state[4]_i_1_n_0
    SLICE_X45Y27         FDRE                                         r  CU/state_reg[0]/CE
  -------------------------------------------------------------------    -------------------

                         (clock sys_clk_pin rise edge)
                                                      0.000     0.000 r  
    W5                                                0.000     0.000 r  clock (IN)
                         net (fo=0)                   0.000     0.000    clock
    W5                   IBUF (Prop_ibuf_I_O)         1.388     1.388 r  clock_IBUF_inst/O
                         net (fo=1, routed)           1.862     3.250    clock_IBUF
    BUFGCTRL_X0Y0        BUFG (Prop_bufg_I_O)         0.091     3.341 r  clock_IBUF_BUFG_inst/O
                         net (fo=389, routed)         1.434     4.775    CU/clock_IBUF_BUFG
    SLICE_X45Y27         FDRE                                         r  CU/state_reg[0]/C

Slack:                    inf
  Source:                 button4
                            (input port)
  Destination:            CU/state_reg[1]/CE
                            (rising edge-triggered cell FDRE clocked by sys_clk_pin  {rise@0.000ns fall@5.000ns period=10.000ns})
  Path Group:             (none)
  Path Type:              Setup (Max at Slow Process Corner)
  Data Path Delay:        6.933ns  (logic 1.948ns (28.102%)  route 4.985ns (71.898%))
  Logic Levels:           5  (IBUF=1 LUT4=1 LUT6=3)
  Clock Path Skew:        4.775ns (DCD - SCD + CPR)
    Destination Clock Delay (DCD):    4.775ns
    Source Clock Delay      (SCD):    0.000ns
    Clock Pessimism Removal (CPR):    0.000ns
  Clock Uncertainty:      0.025ns  ((TSJ^2 + TIJ^2)^1/2 + DJ) / 2 + PE
    Total System Jitter     (TSJ):    0.050ns
    Total Input Jitter      (TIJ):    0.000ns
    Discrete Jitter          (DJ):    0.000ns
    Phase Error              (PE):    0.000ns

    Location             Delay type                Incr(ns)  Path(ns)    Netlist Resource(s)
  -------------------------------------------------------------------    -------------------
    U17                                               0.000     0.000 r  button4 (IN)
                         net (fo=0)                   0.000     0.000    button4
    U17                  IBUF (Prop_ibuf_I_O)         1.452     1.452 r  button4_IBUF_inst/O
                         net (fo=3, routed)           2.820     4.273    CU/button4_IBUF
    SLICE_X43Y22         LUT4 (Prop_lut4_I2_O)        0.124     4.397 f  CU/state[4]_i_11/O
                         net (fo=1, routed)           0.940     5.337    CU/state[4]_i_11_n_0
    SLICE_X43Y23         LUT6 (Prop_lut6_I0_O)        0.124     5.461 r  CU/state[4]_i_9/O
                         net (fo=1, routed)           0.151     5.612    CU/state[4]_i_9_n_0
    SLICE_X43Y23         LUT6 (Prop_lut6_I1_O)        0.124     5.736 r  CU/state[4]_i_3/O
                         net (fo=1, routed)           0.682     6.418    CU/state[4]_i_3_n_0
    SLICE_X45Y27         LUT6 (Prop_lut6_I2_O)        0.124     6.542 r  CU/state[4]_i_1/O
                         net (fo=5, routed)           0.391     6.933    CU/state[4]_i_1_n_0
    SLICE_X45Y27         FDRE                                         r  CU/state_reg[1]/CE
  -------------------------------------------------------------------    -------------------

                         (clock sys_clk_pin rise edge)
                                                      0.000     0.000 r  
    W5                                                0.000     0.000 r  clock (IN)
                         net (fo=0)                   0.000     0.000    clock
    W5                   IBUF (Prop_ibuf_I_O)         1.388     1.388 r  clock_IBUF_inst/O
                         net (fo=1, routed)           1.862     3.250    clock_IBUF
    BUFGCTRL_X0Y0        BUFG (Prop_bufg_I_O)         0.091     3.341 r  clock_IBUF_BUFG_inst/O
                         net (fo=389, routed)         1.434     4.775    CU/clock_IBUF_BUFG
    SLICE_X45Y27         FDRE                                         r  CU/state_reg[1]/C

Slack:                    inf
  Source:                 button4
                            (input port)
  Destination:            CU/state_reg[2]/CE
                            (rising edge-triggered cell FDRE clocked by sys_clk_pin  {rise@0.000ns fall@5.000ns period=10.000ns})
  Path Group:             (none)
  Path Type:              Setup (Max at Slow Process Corner)
  Data Path Delay:        6.933ns  (logic 1.948ns (28.102%)  route 4.985ns (71.898%))
  Logic Levels:           5  (IBUF=1 LUT4=1 LUT6=3)
  Clock Path Skew:        4.775ns (DCD - SCD + CPR)
    Destination Clock Delay (DCD):    4.775ns
    Source Clock Delay      (SCD):    0.000ns
    Clock Pessimism Removal (CPR):    0.000ns
  Clock Uncertainty:      0.025ns  ((TSJ^2 + TIJ^2)^1/2 + DJ) / 2 + PE
    Total System Jitter     (TSJ):    0.050ns
    Total Input Jitter      (TIJ):    0.000ns
    Discrete Jitter          (DJ):    0.000ns
    Phase Error              (PE):    0.000ns

    Location             Delay type                Incr(ns)  Path(ns)    Netlist Resource(s)
  -------------------------------------------------------------------    -------------------
    U17                                               0.000     0.000 r  button4 (IN)
                         net (fo=0)                   0.000     0.000    button4
    U17                  IBUF (Prop_ibuf_I_O)         1.452     1.452 r  button4_IBUF_inst/O
                         net (fo=3, routed)           2.820     4.273    CU/button4_IBUF
    SLICE_X43Y22         LUT4 (Prop_lut4_I2_O)        0.124     4.397 f  CU/state[4]_i_11/O
                         net (fo=1, routed)           0.940     5.337    CU/state[4]_i_11_n_0
    SLICE_X43Y23         LUT6 (Prop_lut6_I0_O)        0.124     5.461 r  CU/state[4]_i_9/O
                         net (fo=1, routed)           0.151     5.612    CU/state[4]_i_9_n_0
    SLICE_X43Y23         LUT6 (Prop_lut6_I1_O)        0.124     5.736 r  CU/state[4]_i_3/O
                         net (fo=1, routed)           0.682     6.418    CU/state[4]_i_3_n_0
    SLICE_X45Y27         LUT6 (Prop_lut6_I2_O)        0.124     6.542 r  CU/state[4]_i_1/O
                         net (fo=5, routed)           0.391     6.933    CU/state[4]_i_1_n_0
    SLICE_X45Y27         FDRE                                         r  CU/state_reg[2]/CE
  -------------------------------------------------------------------    -------------------

                         (clock sys_clk_pin rise edge)
                                                      0.000     0.000 r  
    W5                                                0.000     0.000 r  clock (IN)
                         net (fo=0)                   0.000     0.000    clock
    W5                   IBUF (Prop_ibuf_I_O)         1.388     1.388 r  clock_IBUF_inst/O
                         net (fo=1, routed)           1.862     3.250    clock_IBUF
    BUFGCTRL_X0Y0        BUFG (Prop_bufg_I_O)         0.091     3.341 r  clock_IBUF_BUFG_inst/O
                         net (fo=389, routed)         1.434     4.775    CU/clock_IBUF_BUFG
    SLICE_X45Y27         FDRE                                         r  CU/state_reg[2]/C

Slack:                    inf
  Source:                 button4
                            (input port)
  Destination:            CU/state_reg[4]/CE
                            (rising edge-triggered cell FDRE clocked by sys_clk_pin  {rise@0.000ns fall@5.000ns period=10.000ns})
  Path Group:             (none)
  Path Type:              Setup (Max at Slow Process Corner)
  Data Path Delay:        6.933ns  (logic 1.948ns (28.102%)  route 4.985ns (71.898%))
  Logic Levels:           5  (IBUF=1 LUT4=1 LUT6=3)
  Clock Path Skew:        4.775ns (DCD - SCD + CPR)
    Destination Clock Delay (DCD):    4.775ns
    Source Clock Delay      (SCD):    0.000ns
    Clock Pessimism Removal (CPR):    0.000ns
  Clock Uncertainty:      0.025ns  ((TSJ^2 + TIJ^2)^1/2 + DJ) / 2 + PE
    Total System Jitter     (TSJ):    0.050ns
    Total Input Jitter      (TIJ):    0.000ns
    Discrete Jitter          (DJ):    0.000ns
    Phase Error              (PE):    0.000ns

    Location             Delay type                Incr(ns)  Path(ns)    Netlist Resource(s)
  -------------------------------------------------------------------    -------------------
    U17                                               0.000     0.000 r  button4 (IN)
                         net (fo=0)                   0.000     0.000    button4
    U17                  IBUF (Prop_ibuf_I_O)         1.452     1.452 r  button4_IBUF_inst/O
                         net (fo=3, routed)           2.820     4.273    CU/button4_IBUF
    SLICE_X43Y22         LUT4 (Prop_lut4_I2_O)        0.124     4.397 f  CU/state[4]_i_11/O
                         net (fo=1, routed)           0.940     5.337    CU/state[4]_i_11_n_0
    SLICE_X43Y23         LUT6 (Prop_lut6_I0_O)        0.124     5.461 r  CU/state[4]_i_9/O
                         net (fo=1, routed)           0.151     5.612    CU/state[4]_i_9_n_0
    SLICE_X43Y23         LUT6 (Prop_lut6_I1_O)        0.124     5.736 r  CU/state[4]_i_3/O
                         net (fo=1, routed)           0.682     6.418    CU/state[4]_i_3_n_0
    SLICE_X45Y27         LUT6 (Prop_lut6_I2_O)        0.124     6.542 r  CU/state[4]_i_1/O
                         net (fo=5, routed)           0.391     6.933    CU/state[4]_i_1_n_0
    SLICE_X45Y27         FDRE                                         r  CU/state_reg[4]/CE
  -------------------------------------------------------------------    -------------------

                         (clock sys_clk_pin rise edge)
                                                      0.000     0.000 r  
    W5                                                0.000     0.000 r  clock (IN)
                         net (fo=0)                   0.000     0.000    clock
    W5                   IBUF (Prop_ibuf_I_O)         1.388     1.388 r  clock_IBUF_inst/O
                         net (fo=1, routed)           1.862     3.250    clock_IBUF
    BUFGCTRL_X0Y0        BUFG (Prop_bufg_I_O)         0.091     3.341 r  clock_IBUF_BUFG_inst/O
                         net (fo=389, routed)         1.434     4.775    CU/clock_IBUF_BUFG
    SLICE_X45Y27         FDRE                                         r  CU/state_reg[4]/C

Slack:                    inf
  Source:                 button4
                            (input port)
  Destination:            bc4/counter_reg[24]/R
                            (rising edge-triggered cell FDRE clocked by sys_clk_pin  {rise@0.000ns fall@5.000ns period=10.000ns})
  Path Group:             (none)
  Path Type:              Setup (Max at Slow Process Corner)
  Data Path Delay:        5.616ns  (logic 1.602ns (28.533%)  route 4.014ns (71.467%))
  Logic Levels:           2  (IBUF=1 LUT2=1)
  Clock Path Skew:        4.775ns (DCD - SCD + CPR)
    Destination Clock Delay (DCD):    4.775ns
    Source Clock Delay      (SCD):    0.000ns
    Clock Pessimism Removal (CPR):    0.000ns
  Clock Uncertainty:      0.025ns  ((TSJ^2 + TIJ^2)^1/2 + DJ) / 2 + PE
    Total System Jitter     (TSJ):    0.050ns
    Total Input Jitter      (TIJ):    0.000ns
    Discrete Jitter          (DJ):    0.000ns
    Phase Error              (PE):    0.000ns

    Location             Delay type                Incr(ns)  Path(ns)    Netlist Resource(s)
  -------------------------------------------------------------------    -------------------
    U17                                               0.000     0.000 f  button4 (IN)
                         net (fo=0)                   0.000     0.000    button4
    U17                  IBUF (Prop_ibuf_I_O)         1.452     1.452 f  button4_IBUF_inst/O
                         net (fo=3, routed)           2.654     4.106    bc4/button4_IBUF
    SLICE_X45Y21         LUT2 (Prop_lut2_I1_O)        0.150     4.256 r  bc4/counter[0]_i_1/O
                         net (fo=27, routed)          1.360     5.616    bc4/counter[0]_i_1_n_0
    SLICE_X48Y25         FDRE                                         r  bc4/counter_reg[24]/R
  -------------------------------------------------------------------    -------------------

                         (clock sys_clk_pin rise edge)
                                                      0.000     0.000 r  
    W5                                                0.000     0.000 r  clock (IN)
                         net (fo=0)                   0.000     0.000    clock
    W5                   IBUF (Prop_ibuf_I_O)         1.388     1.388 r  clock_IBUF_inst/O
                         net (fo=1, routed)           1.862     3.250    clock_IBUF
    BUFGCTRL_X0Y0        BUFG (Prop_bufg_I_O)         0.091     3.341 r  clock_IBUF_BUFG_inst/O
                         net (fo=389, routed)         1.434     4.775    bc4/clock_IBUF_BUFG
    SLICE_X48Y25         FDRE                                         r  bc4/counter_reg[24]/C

Slack:                    inf
  Source:                 button4
                            (input port)
  Destination:            bc4/counter_reg[25]/R
                            (rising edge-triggered cell FDRE clocked by sys_clk_pin  {rise@0.000ns fall@5.000ns period=10.000ns})
  Path Group:             (none)
  Path Type:              Setup (Max at Slow Process Corner)
  Data Path Delay:        5.616ns  (logic 1.602ns (28.533%)  route 4.014ns (71.467%))
  Logic Levels:           2  (IBUF=1 LUT2=1)
  Clock Path Skew:        4.775ns (DCD - SCD + CPR)
    Destination Clock Delay (DCD):    4.775ns
    Source Clock Delay      (SCD):    0.000ns
    Clock Pessimism Removal (CPR):    0.000ns
  Clock Uncertainty:      0.025ns  ((TSJ^2 + TIJ^2)^1/2 + DJ) / 2 + PE
    Total System Jitter     (TSJ):    0.050ns
    Total Input Jitter      (TIJ):    0.000ns
    Discrete Jitter          (DJ):    0.000ns
    Phase Error              (PE):    0.000ns

    Location             Delay type                Incr(ns)  Path(ns)    Netlist Resource(s)
  -------------------------------------------------------------------    -------------------
    U17                                               0.000     0.000 f  button4 (IN)
                         net (fo=0)                   0.000     0.000    button4
    U17                  IBUF (Prop_ibuf_I_O)         1.452     1.452 f  button4_IBUF_inst/O
                         net (fo=3, routed)           2.654     4.106    bc4/button4_IBUF
    SLICE_X45Y21         LUT2 (Prop_lut2_I1_O)        0.150     4.256 r  bc4/counter[0]_i_1/O
                         net (fo=27, routed)          1.360     5.616    bc4/counter[0]_i_1_n_0
    SLICE_X48Y25         FDRE                                         r  bc4/counter_reg[25]/R
  -------------------------------------------------------------------    -------------------

                         (clock sys_clk_pin rise edge)
                                                      0.000     0.000 r  
    W5                                                0.000     0.000 r  clock (IN)
                         net (fo=0)                   0.000     0.000    clock
    W5                   IBUF (Prop_ibuf_I_O)         1.388     1.388 r  clock_IBUF_inst/O
                         net (fo=1, routed)           1.862     3.250    clock_IBUF
    BUFGCTRL_X0Y0        BUFG (Prop_bufg_I_O)         0.091     3.341 r  clock_IBUF_BUFG_inst/O
                         net (fo=389, routed)         1.434     4.775    bc4/clock_IBUF_BUFG
    SLICE_X48Y25         FDRE                                         r  bc4/counter_reg[25]/C

Slack:                    inf
  Source:                 button4
                            (input port)
  Destination:            bc4/counter_reg[26]/R
                            (rising edge-triggered cell FDRE clocked by sys_clk_pin  {rise@0.000ns fall@5.000ns period=10.000ns})
  Path Group:             (none)
  Path Type:              Setup (Max at Slow Process Corner)
  Data Path Delay:        5.616ns  (logic 1.602ns (28.533%)  route 4.014ns (71.467%))
  Logic Levels:           2  (IBUF=1 LUT2=1)
  Clock Path Skew:        4.775ns (DCD - SCD + CPR)
    Destination Clock Delay (DCD):    4.775ns
    Source Clock Delay      (SCD):    0.000ns
    Clock Pessimism Removal (CPR):    0.000ns
  Clock Uncertainty:      0.025ns  ((TSJ^2 + TIJ^2)^1/2 + DJ) / 2 + PE
    Total System Jitter     (TSJ):    0.050ns
    Total Input Jitter      (TIJ):    0.000ns
    Discrete Jitter          (DJ):    0.000ns
    Phase Error              (PE):    0.000ns

    Location             Delay type                Incr(ns)  Path(ns)    Netlist Resource(s)
  -------------------------------------------------------------------    -------------------
    U17                                               0.000     0.000 f  button4 (IN)
                         net (fo=0)                   0.000     0.000    button4
    U17                  IBUF (Prop_ibuf_I_O)         1.452     1.452 f  button4_IBUF_inst/O
                         net (fo=3, routed)           2.654     4.106    bc4/button4_IBUF
    SLICE_X45Y21         LUT2 (Prop_lut2_I1_O)        0.150     4.256 r  bc4/counter[0]_i_1/O
                         net (fo=27, routed)          1.360     5.616    bc4/counter[0]_i_1_n_0
    SLICE_X48Y25         FDRE                                         r  bc4/counter_reg[26]/R
  -------------------------------------------------------------------    -------------------

                         (clock sys_clk_pin rise edge)
                                                      0.000     0.000 r  
    W5                                                0.000     0.000 r  clock (IN)
                         net (fo=0)                   0.000     0.000    clock
    W5                   IBUF (Prop_ibuf_I_O)         1.388     1.388 r  clock_IBUF_inst/O
                         net (fo=1, routed)           1.862     3.250    clock_IBUF
    BUFGCTRL_X0Y0        BUFG (Prop_bufg_I_O)         0.091     3.341 r  clock_IBUF_BUFG_inst/O
                         net (fo=389, routed)         1.434     4.775    bc4/clock_IBUF_BUFG
    SLICE_X48Y25         FDRE                                         r  bc4/counter_reg[26]/C

Slack:                    inf
  Source:                 btnc
                            (input port)
  Destination:            btnc_db_counter_reg[12]/R
                            (rising edge-triggered cell FDRE clocked by sys_clk_pin  {rise@0.000ns fall@5.000ns period=10.000ns})
  Path Group:             (none)
  Path Type:              Setup (Max at Slow Process Corner)
  Data Path Delay:        5.541ns  (logic 1.565ns (28.247%)  route 3.976ns (71.753%))
  Logic Levels:           2  (IBUF=1 LUT3=1)
  Clock Path Skew:        4.782ns (DCD - SCD + CPR)
    Destination Clock Delay (DCD):    4.782ns
    Source Clock Delay      (SCD):    0.000ns
    Clock Pessimism Removal (CPR):    0.000ns
  Clock Uncertainty:      0.025ns  ((TSJ^2 + TIJ^2)^1/2 + DJ) / 2 + PE
    Total System Jitter     (TSJ):    0.050ns
    Total Input Jitter      (TIJ):    0.000ns
    Discrete Jitter          (DJ):    0.000ns
    Phase Error              (PE):    0.000ns

    Location             Delay type                Incr(ns)  Path(ns)    Netlist Resource(s)
  -------------------------------------------------------------------    -------------------
    U18                                               0.000     0.000 r  btnc (IN)
                         net (fo=0)                   0.000     0.000    btnc
    U18                  IBUF (Prop_ibuf_I_O)         1.441     1.441 r  btnc_IBUF_inst/O
                         net (fo=3, routed)           2.904     4.345    btnc_IBUF
    SLICE_X46Y27         LUT3 (Prop_lut3_I1_O)        0.124     4.469 r  btnc_db_counter[0]_i_1/O
                         net (fo=21, routed)          1.072     5.541    btnc_db_counter[0]_i_1_n_0
    SLICE_X45Y33         FDRE                                         r  btnc_db_counter_reg[12]/R
  -------------------------------------------------------------------    -------------------

                         (clock sys_clk_pin rise edge)
                                                      0.000     0.000 r  
    W5                                                0.000     0.000 r  clock (IN)
                         net (fo=0)                   0.000     0.000    clock
    W5                   IBUF (Prop_ibuf_I_O)         1.388     1.388 r  clock_IBUF_inst/O
                         net (fo=1, routed)           1.862     3.250    clock_IBUF
    BUFGCTRL_X0Y0        BUFG (Prop_bufg_I_O)         0.091     3.341 r  clock_IBUF_BUFG_inst/O
                         net (fo=389, routed)         1.441     4.782    clock_IBUF_BUFG
    SLICE_X45Y33         FDRE                                         r  btnc_db_counter_reg[12]/C

Slack:                    inf
  Source:                 btnc
                            (input port)
  Destination:            btnc_db_counter_reg[13]/R
                            (rising edge-triggered cell FDRE clocked by sys_clk_pin  {rise@0.000ns fall@5.000ns period=10.000ns})
  Path Group:             (none)
  Path Type:              Setup (Max at Slow Process Corner)
  Data Path Delay:        5.541ns  (logic 1.565ns (28.247%)  route 3.976ns (71.753%))
  Logic Levels:           2  (IBUF=1 LUT3=1)
  Clock Path Skew:        4.782ns (DCD - SCD + CPR)
    Destination Clock Delay (DCD):    4.782ns
    Source Clock Delay      (SCD):    0.000ns
    Clock Pessimism Removal (CPR):    0.000ns
  Clock Uncertainty:      0.025ns  ((TSJ^2 + TIJ^2)^1/2 + DJ) / 2 + PE
    Total System Jitter     (TSJ):    0.050ns
    Total Input Jitter      (TIJ):    0.000ns
    Discrete Jitter          (DJ):    0.000ns
    Phase Error              (PE):    0.000ns

    Location             Delay type                Incr(ns)  Path(ns)    Netlist Resource(s)
  -------------------------------------------------------------------    -------------------
    U18                                               0.000     0.000 r  btnc (IN)
                         net (fo=0)                   0.000     0.000    btnc
    U18                  IBUF (Prop_ibuf_I_O)         1.441     1.441 r  btnc_IBUF_inst/O
                         net (fo=3, routed)           2.904     4.345    btnc_IBUF
    SLICE_X46Y27         LUT3 (Prop_lut3_I1_O)        0.124     4.469 r  btnc_db_counter[0]_i_1/O
                         net (fo=21, routed)          1.072     5.541    btnc_db_counter[0]_i_1_n_0
    SLICE_X45Y33         FDRE                                         r  btnc_db_counter_reg[13]/R
  -------------------------------------------------------------------    -------------------

                         (clock sys_clk_pin rise edge)
                                                      0.000     0.000 r  
    W5                                                0.000     0.000 r  clock (IN)
                         net (fo=0)                   0.000     0.000    clock
    W5                   IBUF (Prop_ibuf_I_O)         1.388     1.388 r  clock_IBUF_inst/O
                         net (fo=1, routed)           1.862     3.250    clock_IBUF
    BUFGCTRL_X0Y0        BUFG (Prop_bufg_I_O)         0.091     3.341 r  clock_IBUF_BUFG_inst/O
                         net (fo=389, routed)         1.441     4.782    clock_IBUF_BUFG
    SLICE_X45Y33         FDRE                                         r  btnc_db_counter_reg[13]/C





Min Delay Paths
--------------------------------------------------------------------------------------
Slack:                    inf
  Source:                 switches[8]
                            (input port)
  Destination:            CU/saved_switches_reg[8]/D
                            (rising edge-triggered cell FDRE clocked by sys_clk_pin  {rise@0.000ns fall@5.000ns period=10.000ns})
  Path Group:             (none)
  Path Type:              Hold (Min at Fast Process Corner)
  Data Path Delay:        1.134ns  (logic 0.223ns (19.634%)  route 0.911ns (80.366%))
  Logic Levels:           1  (IBUF=1)
  Clock Path Skew:        1.951ns (DCD - SCD - CPR)
    Destination Clock Delay (DCD):    1.951ns
    Source Clock Delay      (SCD):    0.000ns
    Clock Pessimism Removal (CPR):    -0.000ns

    Location             Delay type                Incr(ns)  Path(ns)    Netlist Resource(s)
  -------------------------------------------------------------------    -------------------
    V2                                                0.000     0.000 r  switches[8] (IN)
                         net (fo=0)                   0.000     0.000    switches[8]
    V2                   IBUF (Prop_ibuf_I_O)         0.223     0.223 r  switches_IBUF[8]_inst/O
                         net (fo=2, routed)           0.911     1.134    CU/D[8]
    SLICE_X42Y31         FDRE                                         r  CU/saved_switches_reg[8]/D
  -------------------------------------------------------------------    -------------------

                         (clock sys_clk_pin rise edge)
                                                      0.000     0.000 r  
    W5                                                0.000     0.000 r  clock (IN)
                         net (fo=0)                   0.000     0.000    clock
    W5                   IBUF (Prop_ibuf_I_O)         0.414     0.414 r  clock_IBUF_inst/O
                         net (fo=1, routed)           0.685     1.099    clock_IBUF
    BUFGCTRL_X0Y0        BUFG (Prop_bufg_I_O)         0.029     1.128 r  clock_IBUF_BUFG_inst/O
                         net (fo=389, routed)         0.824     1.951    CU/clock_IBUF_BUFG
    SLICE_X42Y31         FDRE                                         r  CU/saved_switches_reg[8]/C

Slack:                    inf
  Source:                 switches[15]
                            (input port)
  Destination:            CU/saved_switches_reg[15]/D
                            (rising edge-triggered cell FDRE clocked by sys_clk_pin  {rise@0.000ns fall@5.000ns period=10.000ns})
  Path Group:             (none)
  Path Type:              Hold (Min at Fast Process Corner)
  Data Path Delay:        1.167ns  (logic 0.224ns (19.218%)  route 0.943ns (80.782%))
  Logic Levels:           1  (IBUF=1)
  Clock Path Skew:        1.951ns (DCD - SCD - CPR)
    Destination Clock Delay (DCD):    1.951ns
    Source Clock Delay      (SCD):    0.000ns
    Clock Pessimism Removal (CPR):    -0.000ns

    Location             Delay type                Incr(ns)  Path(ns)    Netlist Resource(s)
  -------------------------------------------------------------------    -------------------
    R2                                                0.000     0.000 r  switches[15] (IN)
                         net (fo=0)                   0.000     0.000    switches[15]
    R2                   IBUF (Prop_ibuf_I_O)         0.224     0.224 r  switches_IBUF[15]_inst/O
                         net (fo=2, routed)           0.943     1.167    CU/D[15]
    SLICE_X43Y31         FDRE                                         r  CU/saved_switches_reg[15]/D
  -------------------------------------------------------------------    -------------------

                         (clock sys_clk_pin rise edge)
                                                      0.000     0.000 r  
    W5                                                0.000     0.000 r  clock (IN)
                         net (fo=0)                   0.000     0.000    clock
    W5                   IBUF (Prop_ibuf_I_O)         0.414     0.414 r  clock_IBUF_inst/O
                         net (fo=1, routed)           0.685     1.099    clock_IBUF
    BUFGCTRL_X0Y0        BUFG (Prop_bufg_I_O)         0.029     1.128 r  clock_IBUF_BUFG_inst/O
                         net (fo=389, routed)         0.824     1.951    CU/clock_IBUF_BUFG
    SLICE_X43Y31         FDRE                                         r  CU/saved_switches_reg[15]/C

Slack:                    inf
  Source:                 switches[10]
                            (input port)
  Destination:            CU/saved_switches_reg[10]/D
                            (rising edge-triggered cell FDRE clocked by sys_clk_pin  {rise@0.000ns fall@5.000ns period=10.000ns})
  Path Group:             (none)
  Path Type:              Hold (Min at Fast Process Corner)
  Data Path Delay:        1.184ns  (logic 0.226ns (19.090%)  route 0.958ns (80.910%))
  Logic Levels:           1  (IBUF=1)
  Clock Path Skew:        1.950ns (DCD - SCD - CPR)
    Destination Clock Delay (DCD):    1.950ns
    Source Clock Delay      (SCD):    0.000ns
    Clock Pessimism Removal (CPR):    -0.000ns

    Location             Delay type                Incr(ns)  Path(ns)    Netlist Resource(s)
  -------------------------------------------------------------------    -------------------
    T2                                                0.000     0.000 r  switches[10] (IN)
                         net (fo=0)                   0.000     0.000    switches[10]
    T2                   IBUF (Prop_ibuf_I_O)         0.226     0.226 r  switches_IBUF[10]_inst/O
                         net (fo=2, routed)           0.958     1.184    CU/D[10]
    SLICE_X46Y29         FDRE                                         r  CU/saved_switches_reg[10]/D
  -------------------------------------------------------------------    -------------------

                         (clock sys_clk_pin rise edge)
                                                      0.000     0.000 r  
    W5                                                0.000     0.000 r  clock (IN)
                         net (fo=0)                   0.000     0.000    clock
    W5                   IBUF (Prop_ibuf_I_O)         0.414     0.414 r  clock_IBUF_inst/O
                         net (fo=1, routed)           0.685     1.099    clock_IBUF
    BUFGCTRL_X0Y0        BUFG (Prop_bufg_I_O)         0.029     1.128 r  clock_IBUF_BUFG_inst/O
                         net (fo=389, routed)         0.823     1.950    CU/clock_IBUF_BUFG
    SLICE_X46Y29         FDRE                                         r  CU/saved_switches_reg[10]/C

Slack:                    inf
  Source:                 switches[13]
                            (input port)
  Destination:            CU/saved_switches_reg[13]/D
                            (rising edge-triggered cell FDRE clocked by sys_clk_pin  {rise@0.000ns fall@5.000ns period=10.000ns})
  Path Group:             (none)
  Path Type:              Hold (Min at Fast Process Corner)
  Data Path Delay:        1.194ns  (logic 0.221ns (18.511%)  route 0.973ns (81.489%))
  Logic Levels:           1  (IBUF=1)
  Clock Path Skew:        1.950ns (DCD - SCD - CPR)
    Destination Clock Delay (DCD):    1.950ns
    Source Clock Delay      (SCD):    0.000ns
    Clock Pessimism Removal (CPR):    -0.000ns

    Location             Delay type                Incr(ns)  Path(ns)    Netlist Resource(s)
  -------------------------------------------------------------------    -------------------
    U1                                                0.000     0.000 r  switches[13] (IN)
                         net (fo=0)                   0.000     0.000    switches[13]
    U1                   IBUF (Prop_ibuf_I_O)         0.221     0.221 r  switches_IBUF[13]_inst/O
                         net (fo=2, routed)           0.973     1.194    CU/D[13]
    SLICE_X38Y31         FDRE                                         r  CU/saved_switches_reg[13]/D
  -------------------------------------------------------------------    -------------------

                         (clock sys_clk_pin rise edge)
                                                      0.000     0.000 r  
    W5                                                0.000     0.000 r  clock (IN)
                         net (fo=0)                   0.000     0.000    clock
    W5                   IBUF (Prop_ibuf_I_O)         0.414     0.414 r  clock_IBUF_inst/O
                         net (fo=1, routed)           0.685     1.099    clock_IBUF
    BUFGCTRL_X0Y0        BUFG (Prop_bufg_I_O)         0.029     1.128 r  clock_IBUF_BUFG_inst/O
                         net (fo=389, routed)         0.823     1.950    CU/clock_IBUF_BUFG
    SLICE_X38Y31         FDRE                                         r  CU/saved_switches_reg[13]/C

Slack:                    inf
  Source:                 switches[12]
                            (input port)
  Destination:            CU/saved_switches_reg[12]/D
                            (rising edge-triggered cell FDRE clocked by sys_clk_pin  {rise@0.000ns fall@5.000ns period=10.000ns})
  Path Group:             (none)
  Path Type:              Hold (Min at Fast Process Corner)
  Data Path Delay:        1.198ns  (logic 0.237ns (19.747%)  route 0.962ns (80.253%))
  Logic Levels:           1  (IBUF=1)
  Clock Path Skew:        1.949ns (DCD - SCD - CPR)
    Destination Clock Delay (DCD):    1.949ns
    Source Clock Delay      (SCD):    0.000ns
    Clock Pessimism Removal (CPR):    -0.000ns

    Location             Delay type                Incr(ns)  Path(ns)    Netlist Resource(s)
  -------------------------------------------------------------------    -------------------
    W2                                                0.000     0.000 r  switches[12] (IN)
                         net (fo=0)                   0.000     0.000    switches[12]
    W2                   IBUF (Prop_ibuf_I_O)         0.237     0.237 r  switches_IBUF[12]_inst/O
                         net (fo=2, routed)           0.962     1.198    CU/D[12]
    SLICE_X38Y30         FDRE                                         r  CU/saved_switches_reg[12]/D
  -------------------------------------------------------------------    -------------------

                         (clock sys_clk_pin rise edge)
                                                      0.000     0.000 r  
    W5                                                0.000     0.000 r  clock (IN)
                         net (fo=0)                   0.000     0.000    clock
    W5                   IBUF (Prop_ibuf_I_O)         0.414     0.414 r  clock_IBUF_inst/O
                         net (fo=1, routed)           0.685     1.099    clock_IBUF
    BUFGCTRL_X0Y0        BUFG (Prop_bufg_I_O)         0.029     1.128 r  clock_IBUF_BUFG_inst/O
                         net (fo=389, routed)         0.822     1.949    CU/clock_IBUF_BUFG
    SLICE_X38Y30         FDRE                                         r  CU/saved_switches_reg[12]/C

Slack:                    inf
  Source:                 switches[9]
                            (input port)
  Destination:            CU/saved_switches_reg[9]/D
                            (rising edge-triggered cell FDRE clocked by sys_clk_pin  {rise@0.000ns fall@5.000ns period=10.000ns})
  Path Group:             (none)
  Path Type:              Hold (Min at Fast Process Corner)
  Data Path Delay:        1.250ns  (logic 0.220ns (17.631%)  route 1.029ns (82.369%))
  Logic Levels:           1  (IBUF=1)
  Clock Path Skew:        1.948ns (DCD - SCD - CPR)
    Destination Clock Delay (DCD):    1.948ns
    Source Clock Delay      (SCD):    0.000ns
    Clock Pessimism Removal (CPR):    -0.000ns

    Location             Delay type                Incr(ns)  Path(ns)    Netlist Resource(s)
  -------------------------------------------------------------------    -------------------
    T3                                                0.000     0.000 r  switches[9] (IN)
                         net (fo=0)                   0.000     0.000    switches[9]
    T3                   IBUF (Prop_ibuf_I_O)         0.220     0.220 r  switches_IBUF[9]_inst/O
                         net (fo=2, routed)           1.029     1.250    CU/D[9]
    SLICE_X39Y29         FDRE                                         r  CU/saved_switches_reg[9]/D
  -------------------------------------------------------------------    -------------------

                         (clock sys_clk_pin rise edge)
                                                      0.000     0.000 r  
    W5                                                0.000     0.000 r  clock (IN)
                         net (fo=0)                   0.000     0.000    clock
    W5                   IBUF (Prop_ibuf_I_O)         0.414     0.414 r  clock_IBUF_inst/O
                         net (fo=1, routed)           0.685     1.099    clock_IBUF
    BUFGCTRL_X0Y0        BUFG (Prop_bufg_I_O)         0.029     1.128 r  clock_IBUF_BUFG_inst/O
                         net (fo=389, routed)         0.821     1.948    CU/clock_IBUF_BUFG
    SLICE_X39Y29         FDRE                                         r  CU/saved_switches_reg[9]/C

Slack:                    inf
  Source:                 button3
                            (input port)
  Destination:            CU/candidate_sel_reg[0]/D
                            (rising edge-triggered cell FDRE clocked by sys_clk_pin  {rise@0.000ns fall@5.000ns period=10.000ns})
  Path Group:             (none)
  Path Type:              Hold (Min at Fast Process Corner)
  Data Path Delay:        1.269ns  (logic 0.264ns (20.819%)  route 1.005ns (79.181%))
  Logic Levels:           2  (IBUF=1 LUT6=1)
  Clock Path Skew:        1.947ns (DCD - SCD - CPR)
    Destination Clock Delay (DCD):    1.947ns
    Source Clock Delay      (SCD):    0.000ns
    Clock Pessimism Removal (CPR):    -0.000ns

    Location             Delay type                Incr(ns)  Path(ns)    Netlist Resource(s)
  -------------------------------------------------------------------    -------------------
    T17                                               0.000     0.000 f  button3 (IN)
                         net (fo=0)                   0.000     0.000    button3
    T17                  IBUF (Prop_ibuf_I_O)         0.219     0.219 f  button3_IBUF_inst/O
                         net (fo=4, routed)           1.005     1.224    CU/button3_IBUF
    SLICE_X43Y22         LUT6 (Prop_lut6_I0_O)        0.045     1.269 r  CU/candidate_sel[0]_i_1/O
                         net (fo=1, routed)           0.000     1.269    CU/candidate_sel[0]_i_1_n_0
    SLICE_X43Y22         FDRE                                         r  CU/candidate_sel_reg[0]/D
  -------------------------------------------------------------------    -------------------

                         (clock sys_clk_pin rise edge)
                                                      0.000     0.000 r  
    W5                                                0.000     0.000 r  clock (IN)
                         net (fo=0)                   0.000     0.000    clock
    W5                   IBUF (Prop_ibuf_I_O)         0.414     0.414 r  clock_IBUF_inst/O
                         net (fo=1, routed)           0.685     1.099    clock_IBUF
    BUFGCTRL_X0Y0        BUFG (Prop_bufg_I_O)         0.029     1.128 r  clock_IBUF_BUFG_inst/O
                         net (fo=389, routed)         0.820     1.947    CU/clock_IBUF_BUFG
    SLICE_X43Y22         FDRE                                         r  CU/candidate_sel_reg[0]/C

Slack:                    inf
  Source:                 button2
                            (input port)
  Destination:            CU/candidate_sel_reg[1]/D
                            (rising edge-triggered cell FDRE clocked by sys_clk_pin  {rise@0.000ns fall@5.000ns period=10.000ns})
  Path Group:             (none)
  Path Type:              Hold (Min at Fast Process Corner)
  Data Path Delay:        1.280ns  (logic 0.264ns (20.657%)  route 1.015ns (79.343%))
  Logic Levels:           2  (IBUF=1 LUT6=1)
  Clock Path Skew:        1.948ns (DCD - SCD - CPR)
    Destination Clock Delay (DCD):    1.948ns
    Source Clock Delay      (SCD):    0.000ns
    Clock Pessimism Removal (CPR):    -0.000ns

    Location             Delay type                Incr(ns)  Path(ns)    Netlist Resource(s)
  -------------------------------------------------------------------    -------------------
    W19                                               0.000     0.000 f  button2 (IN)
                         net (fo=0)                   0.000     0.000    button2
    W19                  IBUF (Prop_ibuf_I_O)         0.219     0.219 f  button2_IBUF_inst/O
                         net (fo=5, routed)           1.015     1.235    CU/button2_IBUF
    SLICE_X43Y21         LUT6 (Prop_lut6_I0_O)        0.045     1.280 r  CU/candidate_sel[1]_i_1/O
                         net (fo=1, routed)           0.000     1.280    CU/candidate_sel[1]_i_1_n_0
    SLICE_X43Y21         FDRE                                         r  CU/candidate_sel_reg[1]/D
  -------------------------------------------------------------------    -------------------

                         (clock sys_clk_pin rise edge)
                                                      0.000     0.000 r  
    W5                                                0.000     0.000 r  clock (IN)
                         net (fo=0)                   0.000     0.000    clock
    W5                   IBUF (Prop_ibuf_I_O)         0.414     0.414 r  clock_IBUF_inst/O
                         net (fo=1, routed)           0.685     1.099    clock_IBUF
    BUFGCTRL_X0Y0        BUFG (Prop_bufg_I_O)         0.029     1.128 r  clock_IBUF_BUFG_inst/O
                         net (fo=389, routed)         0.821     1.948    CU/clock_IBUF_BUFG
    SLICE_X43Y21         FDRE                                         r  CU/candidate_sel_reg[1]/C

Slack:                    inf
  Source:                 switches[0]
                            (input port)
  Destination:            CU/saved_switches_reg[0]/D
                            (rising edge-triggered cell FDRE clocked by sys_clk_pin  {rise@0.000ns fall@5.000ns period=10.000ns})
  Path Group:             (none)
  Path Type:              Hold (Min at Fast Process Corner)
  Data Path Delay:        1.287ns  (logic 0.221ns (17.169%)  route 1.066ns (82.831%))
  Logic Levels:           1  (IBUF=1)
  Clock Path Skew:        1.947ns (DCD - SCD - CPR)
    Destination Clock Delay (DCD):    1.947ns
    Source Clock Delay      (SCD):    0.000ns
    Clock Pessimism Removal (CPR):    -0.000ns

    Location             Delay type                Incr(ns)  Path(ns)    Netlist Resource(s)
  -------------------------------------------------------------------    -------------------
    V17                                               0.000     0.000 r  switches[0] (IN)
                         net (fo=0)                   0.000     0.000    switches[0]
    V17                  IBUF (Prop_ibuf_I_O)         0.221     0.221 r  switches_IBUF[0]_inst/O
                         net (fo=2, routed)           1.066     1.287    CU/D[0]
    SLICE_X37Y28         FDRE                                         r  CU/saved_switches_reg[0]/D
  -------------------------------------------------------------------    -------------------

                         (clock sys_clk_pin rise edge)
                                                      0.000     0.000 r  
    W5                                                0.000     0.000 r  clock (IN)
                         net (fo=0)                   0.000     0.000    clock
    W5                   IBUF (Prop_ibuf_I_O)         0.414     0.414 r  clock_IBUF_inst/O
                         net (fo=1, routed)           0.685     1.099    clock_IBUF
    BUFGCTRL_X0Y0        BUFG (Prop_bufg_I_O)         0.029     1.128 r  clock_IBUF_BUFG_inst/O
                         net (fo=389, routed)         0.820     1.947    CU/clock_IBUF_BUFG
    SLICE_X37Y28         FDRE                                         r  CU/saved_switches_reg[0]/C

Slack:                    inf
  Source:                 switches[1]
                            (input port)
  Destination:            CU/saved_switches_reg[1]/D
                            (rising edge-triggered cell FDRE clocked by sys_clk_pin  {rise@0.000ns fall@5.000ns period=10.000ns})
  Path Group:             (none)
  Path Type:              Hold (Min at Fast Process Corner)
  Data Path Delay:        1.293ns  (logic 0.229ns (17.737%)  route 1.064ns (82.263%))
  Logic Levels:           1  (IBUF=1)
  Clock Path Skew:        1.946ns (DCD - SCD - CPR)
    Destination Clock Delay (DCD):    1.946ns
    Source Clock Delay      (SCD):    0.000ns
    Clock Pessimism Removal (CPR):    -0.000ns

    Location             Delay type                Incr(ns)  Path(ns)    Netlist Resource(s)
  -------------------------------------------------------------------    -------------------
    V16                                               0.000     0.000 r  switches[1] (IN)
                         net (fo=0)                   0.000     0.000    switches[1]
    V16                  IBUF (Prop_ibuf_I_O)         0.229     0.229 r  switches_IBUF[1]_inst/O
                         net (fo=2, routed)           1.064     1.293    CU/D[1]
    SLICE_X36Y27         FDRE                                         r  CU/saved_switches_reg[1]/D
  -------------------------------------------------------------------    -------------------

                         (clock sys_clk_pin rise edge)
                                                      0.000     0.000 r  
    W5                                                0.000     0.000 r  clock (IN)
                         net (fo=0)                   0.000     0.000    clock
    W5                   IBUF (Prop_ibuf_I_O)         0.414     0.414 r  clock_IBUF_inst/O
                         net (fo=1, routed)           0.685     1.099    clock_IBUF
    BUFGCTRL_X0Y0        BUFG (Prop_bufg_I_O)         0.029     1.128 r  clock_IBUF_BUFG_inst/O
                         net (fo=389, routed)         0.819     1.946    CU/clock_IBUF_BUFG
    SLICE_X36Y27         FDRE                                         r  CU/saved_switches_reg[1]/C





